CHI1,CHI2,CHI3,CHI4,CHI5,amino_no,chain,pdb_code
29.997,-40.012,33.783,-16.415,-8.420,5,A,1CBN
21.691,-30.963,27.959,-14.730,-4.338,19,A,1CBN
21.357,-26.806,20.908,-8.027,-7.849,36,A,1CBN
35.793,-43.494,33.352,-11.562,-15.737,41,A,1CBN
29.997,-40.012,33.783,-16.415,-8.420,5,A,1CBN
21.691,-30.963,27.959,-14.730,-4.338,19,A,1CBN
21.357,-26.806,20.908,-8.027,-7.849,36,A,1CBN
35.793,-43.494,33.352,-11.562,-15.737,41,A,1CBN
29.997,-40.012,33.783,-16.415,-8.420,5,A,1CBN
21.691,-30.963,27.959,-14.730,-4.338,19,A,1CBN
-31.031,37.829,-28.921,10.607,12.436,22,A,1CBN
21.357,-26.806,20.908,-8.027,-7.849,36,A,1CBN
35.793,-43.494,33.352,-11.562,-15.737,41,A,1CBN
-27.620,37.449,-34.069,16.852,5.995,42,A,1DY5
35.795,-39.996,27.771,-4.434,-18.954,93,A,1DY5
30.728,-41.901,34.997,-17.123,-8.243,114,A,1DY5
-24.497,38.926,-38.207,23.164,0.584,117,A,1DY5
23.934,-31.910,23.461,-7.283,-10.263,42,A,1DY5
35.795,-39.996,27.771,-4.434,-18.954,93,A,1DY5
30.728,-41.901,34.997,-17.123,-8.243,114,A,1DY5
-24.497,38.926,-38.207,23.164,0.584,117,A,1DY5
None,None,None,None,None,42,A,1DY5
35.795,-39.996,27.771,-4.434,-18.954,93,A,1DY5
30.728,-41.901,34.997,-17.123,-8.243,114,A,1DY5
-24.497,38.926,-38.207,23.164,0.584,117,A,1DY5
34.094,-38.114,27.352,-5.242,-18.275,3,A,1G66
-30.315,41.397,-35.764,16.649,8.618,17,A,1G66
-32.430,44.339,-36.322,15.827,10.415,34,A,1G66
-31.322,42.594,-36.392,17.423,8.513,44,A,1G66
15.621,-25.879,25.787,-15.896,0.610,80,A,1G66
10.644,-21.668,23.102,-15.669,3.675,106,A,1G66
-29.203,40.647,-36.254,17.814,7.203,134,A,1G66
27.578,-37.635,32.321,-15.388,-7.465,156,A,1G66
-24.527,33.069,-27.671,13.269,6.346,162,A,1G66
30.481,-32.647,21.782,-1.813,-17.591,176,A,1G66
34.094,-38.114,27.352,-5.242,-18.275,3,A,1G66
-30.315,41.397,-35.764,16.649,8.618,17,A,1G66
-32.430,44.339,-36.322,15.827,10.415,34,A,1G66
-31.322,42.594,-36.392,17.423,8.513,44,A,1G66
15.621,-25.879,25.787,-15.896,0.610,80,A,1G66
10.644,-21.668,23.102,-15.669,3.675,106,A,1G66
-29.203,40.647,-36.254,17.814,7.203,134,A,1G66
27.578,-37.635,32.321,-15.388,-7.465,156,A,1G66
-24.527,33.069,-27.671,13.269,6.346,162,A,1G66
30.481,-32.647,21.782,-1.813,-17.591,176,A,1G66
-23.269,36.903,-35.582,21.558,1.062,2,A,1G6X
29.257,-38.612,33.312,-15.517,-8.653,8,A,1G6X
29.017,-36.718,29.574,-12.099,-10.717,9,A,1G6X
-23.269,36.903,-35.582,21.558,1.062,2,A,1G6X
29.257,-38.612,33.312,-15.517,-8.653,8,A,1G6X
29.017,-36.718,29.574,-12.099,-10.717,9,A,1G6X
-27.039,37.073,-32.503,16.151,6.945,5,A,1GCI
-30.582,41.897,-36.188,17.248,8.268,14,A,1GCI
29.388,-41.243,35.867,-17.396,-6.721,40,A,1GCI
-28.990,41.444,-36.424,18.025,6.784,52,A,1GCI
26.311,-38.480,35.537,-18.858,-4.481,55,A,1GCI
25.254,-37.953,34.956,-19.080,-3.903,86,A,1GCI
14.369,-20.889,17.479,-7.796,-4.032,129,A,1GCI
31.612,-39.133,31.445,-12.247,-12.164,131,A,1GCI
32.993,-39.472,29.370,-8.421,-15.717,168,A,1GCI
-31.272,42.009,-35.899,16.761,8.939,201,A,1GCI
-25.448,39.149,-37.346,22.012,2.104,210,A,1GCI
19.857,-36.425,39.025,-28.101,5.227,225,A,1GCI
-16.348,19.569,-14.182,2.736,8.155,239,A,1GCI
-27.039,37.073,-32.503,16.151,6.945,5,A,1GCI
-30.582,41.897,-36.188,17.248,8.268,14,A,1GCI
29.388,-41.243,35.867,-17.396,-6.721,40,A,1GCI
-28.990,41.444,-36.424,18.025,6.784,52,A,1GCI
26.311,-38.480,35.537,-18.858,-4.481,55,A,1GCI
25.254,-37.953,34.956,-19.080,-3.903,86,A,1GCI
14.369,-20.889,17.479,-7.796,-4.032,129,A,1GCI
31.612,-39.133,31.445,-12.247,-12.164,131,A,1GCI
32.993,-39.472,29.370,-8.421,-15.717,168,A,1GCI
-31.272,42.009,-35.899,16.761,8.939,201,A,1GCI
-25.448,39.149,-37.346,22.012,2.104,210,A,1GCI
19.857,-36.425,39.025,-28.101,5.227,225,A,1GCI
-16.348,19.569,-14.182,2.736,8.155,239,A,1GCI
-27.039,37.073,-32.503,16.151,6.945,5,A,1GCI
-30.582,41.897,-36.188,17.248,8.268,14,A,1GCI
29.388,-41.243,35.867,-17.396,-6.721,40,A,1GCI
-28.990,41.444,-36.424,18.025,6.784,52,A,1GCI
26.311,-38.480,35.537,-18.858,-4.481,55,A,1GCI
25.254,-37.953,34.956,-19.080,-3.903,86,A,1GCI
14.369,-20.889,17.479,-7.796,-4.032,129,A,1GCI
31.612,-39.133,31.445,-12.247,-12.164,131,A,1GCI
32.993,-39.472,29.370,-8.421,-15.717,168,A,1GCI
-31.272,42.009,-35.899,16.761,8.939,201,A,1GCI
-25.448,39.149,-37.346,22.012,2.104,210,A,1GCI
19.857,-36.425,39.025,-28.101,5.227,225,A,1GCI
-16.348,19.569,-14.182,2.736,8.155,239,A,1GCI
-24.220,35.780,-31.269,15.683,5.543,8,A,1GWE
-30.567,39.863,-33.084,14.075,10.448,20,A,1GWE
28.402,-37.898,32.145,-14.359,-8.685,35,A,1GWE
-25.110,37.646,-34.946,20.026,3.396,56,A,1GWE
17.112,1.334,-19.254,31.576,-30.394,60,A,1GWE
-33.791,36.388,-23.554,1.653,20.354,88,A,1GWE
-31.086,39.432,-32.140,13.082,11.309,108,A,1GWE
32.347,-39.355,30.508,-10.454,-13.670,136,A,1GWE
28.557,-38.285,32.665,-15.214,-8.501,143,A,1GWE
21.785,-35.847,35.137,-22.253,0.296,157,A,1GWE
23.555,-38.771,38.116,-24.237,0.615,175,A,1GWE
-26.399,35.925,-31.170,15.059,6.646,187,A,1GWE
17.399,-27.981,26.352,-14.720,-1.557,191,A,1GWE
29.992,-36.953,28.961,-10.588,-11.859,260,A,1GWE
-26.860,39.189,-35.126,18.897,4.821,270,A,1GWE
30.111,-35.435,26.407,-7.219,-13.614,281,A,1GWE
-27.462,36.279,-31.037,13.889,7.592,294,A,1GWE
-19.774,34.771,-34.610,23.568,-1.973,307,A,1GWE
-26.645,40.141,-37.526,21.336,3.300,321,A,1GWE
-31.168,39.596,-31.934,12.674,11.778,326,A,1GWE
-31.921,36.346,-26.945,5.817,16.056,332,A,1GWE
-34.582,39.039,-28.149,5.886,18.415,359,A,1GWE
33.850,-37.062,27.298,-3.583,-16.770,363,A,1GWE
-22.614,38.095,-38.872,25.679,-1.943,389,A,1GWE
-33.435,41.537,-33.062,12.329,13.101,402,A,1GWE
22.768,-34.760,32.686,-19.048,-2.292,493,A,1GWE
-24.220,35.780,-31.269,15.683,5.543,8,A,1GWE
-30.567,39.863,-33.084,14.075,10.448,20,A,1GWE
28.402,-37.898,32.145,-14.359,-8.685,35,A,1GWE
-25.110,37.646,-34.946,20.026,3.396,56,A,1GWE
17.112,1.334,-19.254,31.576,-30.394,60,A,1GWE
-33.791,36.388,-23.554,1.653,20.354,88,A,1GWE
-31.086,39.432,-32.140,13.082,11.309,108,A,1GWE
32.347,-39.355,30.508,-10.454,-13.670,136,A,1GWE
28.557,-38.285,32.665,-15.214,-8.501,143,A,1GWE
21.785,-35.847,35.137,-22.253,0.296,157,A,1GWE
23.555,-38.771,38.116,-24.237,0.615,175,A,1GWE
11.138,-24.294,26.838,-19.196,5.662,187,A,1GWE
17.399,-27.981,26.352,-14.720,-1.557,191,A,1GWE
26.419,-35.506,29.616,-11.978,-8.110,260,A,1GWE
-26.860,39.189,-35.126,18.897,4.821,270,A,1GWE
-7.939,22.729,-27.870,24.138,-10.246,281,A,1GWE
23.614,-33.375,28.637,-12.723,-6.505,294,A,1GWE
27.343,-33.027,25.825,-8.285,-10.811,307,A,1GWE
-26.645,40.141,-37.526,21.336,3.300,321,A,1GWE
-31.168,39.596,-31.934,12.674,11.778,326,A,1GWE
-31.921,36.346,-26.945,5.817,16.056,332,A,1GWE
-34.582,39.039,-28.149,5.886,18.415,359,A,1GWE
-15.567,30.109,-30.959,24.114,-3.644,363,A,1GWE
-22.614,38.095,-38.872,25.679,-1.943,389,A,1GWE
-33.435,41.537,-33.062,12.329,13.101,402,A,1GWE
22.768,-34.760,32.686,-19.048,-2.292,493,A,1GWE
-24.220,35.780,-31.269,15.683,5.543,8,A,1GWE
-30.567,39.863,-33.084,14.075,10.448,20,A,1GWE
28.402,-37.898,32.145,-14.359,-8.685,35,A,1GWE
-25.110,37.646,-34.946,20.026,3.396,56,A,1GWE
17.112,1.334,-19.254,31.576,-30.394,60,A,1GWE
-33.791,36.388,-23.554,1.653,20.354,88,A,1GWE
-31.086,39.432,-32.140,13.082,11.309,108,A,1GWE
32.347,-39.355,30.508,-10.454,-13.670,136,A,1GWE
28.557,-38.285,32.665,-15.214,-8.501,143,A,1GWE
21.785,-35.847,35.137,-22.253,0.296,157,A,1GWE
23.555,-38.771,38.116,-24.237,0.615,175,A,1GWE
None,None,None,None,None,187,A,1GWE
17.399,-27.981,26.352,-14.720,-1.557,191,A,1GWE
-26.860,39.189,-35.126,18.897,4.821,270,A,1GWE
None,None,None,None,None,281,A,1GWE
None,None,None,None,None,294,A,1GWE
None,None,None,None,None,307,A,1GWE
-26.645,40.141,-37.526,21.336,3.300,321,A,1GWE
-31.168,39.596,-31.934,12.674,11.778,326,A,1GWE
-31.921,36.346,-26.945,5.817,16.056,332,A,1GWE
-34.582,39.039,-28.149,5.886,18.415,359,A,1GWE
None,None,None,None,None,363,A,1GWE
-22.614,38.095,-38.872,25.679,-1.943,389,A,1GWE
-33.435,41.537,-33.062,12.329,13.101,402,A,1GWE
22.768,-34.760,32.686,-19.048,-2.292,493,A,1GWE
26.391,-36.323,31.300,-15.476,-6.787,45,A,1I1W
23.200,-36.192,34.927,-21.494,-0.732,56,A,1I1W
-27.580,37.020,-31.333,14.667,8.569,92,A,1I1W
-32.589,36.770,-25.990,5.551,16.855,154,A,1I1W
-24.987,35.365,-31.449,16.185,5.920,165,A,1I1W
-17.786,12.970,-4.156,-7.078,15.044,182,A,1I1W
28.822,-34.900,26.944,-8.935,-12.843,200,A,1I1W
-8.203,9.044,-5.757,0.141,4.798,223,A,1I1W
-4.163,-2.811,8.686,-11.402,9.653,231,A,1I1W
16.918,-29.528,30.348,-20.581,1.447,272,A,1I1W
41.543,-40.030,22.583,3.902,-28.040,281,A,1I1W
16.311,-21.250,16.949,-5.796,-6.609,290,A,1I1W
-34.260,40.102,-29.715,7.691,17.139,292,A,1I1W
26.391,-36.323,31.300,-15.476,-6.787,45,A,1I1W
23.200,-36.192,34.927,-21.494,-0.732,56,A,1I1W
-27.580,37.020,-31.333,14.667,8.569,92,A,1I1W
-32.589,36.770,-25.990,5.551,16.855,154,A,1I1W
-24.987,35.365,-31.449,16.185,5.920,165,A,1I1W
-32.980,38.984,-33.682,12.332,12.985,182,A,1I1W
28.822,-34.900,26.944,-8.935,-12.843,200,A,1I1W
-8.203,9.044,-5.757,0.141,4.798,223,A,1I1W
-4.163,-2.811,8.686,-11.402,9.653,231,A,1I1W
-21.384,33.162,-31.531,17.241,1.447,272,A,1I1W
41.543,-40.030,22.583,3.902,-28.040,281,A,1I1W
16.311,-21.250,16.949,-5.796,-6.609,290,A,1I1W
-34.260,40.102,-29.715,7.691,17.139,292,A,1I1W
29.925,-38.439,31.246,-12.456,-11.240,5,A,1IX9
-7.231,25.987,-33.986,30.615,-14.591,8,A,1IX9
38.649,-41.300,27.197,-2.658,-22.731,16,A,1IX9
19.798,-33.180,31.780,-19.833,0.302,46,A,1IX9
-29.356,41.578,-36.274,18.423,6.594,52,A,1IX9
-24.411,36.022,-32.609,18.464,3.020,64,A,1IX9
25.648,-36.827,33.014,-17.680,-4.905,149,A,1IX9
27.961,-33.330,25.035,-7.302,-13.017,162,A,1IX9
-31.438,42.983,-36.977,16.920,8.941,182,A,1IX9
29.925,-38.439,31.246,-12.456,-11.240,5,A,1IX9
-7.231,25.987,-33.986,30.615,-14.591,8,A,1IX9
38.649,-41.300,27.197,-2.658,-22.731,16,A,1IX9
19.798,-33.180,31.780,-19.833,0.302,46,A,1IX9
-29.356,41.578,-36.274,18.423,6.594,52,A,1IX9
-24.411,36.022,-32.609,18.464,3.020,64,A,1IX9
25.648,-36.827,33.014,-17.680,-4.905,149,A,1IX9
27.961,-33.330,25.035,-7.302,-13.017,162,A,1IX9
-31.438,42.983,-36.977,16.920,8.941,182,A,1IX9
29.925,-38.439,31.246,-12.456,-11.240,5,A,1IX9
-7.231,25.987,-33.986,30.615,-14.591,8,A,1IX9
38.649,-41.300,27.197,-2.658,-22.731,16,A,1IX9
19.798,-33.180,31.780,-19.833,0.302,46,A,1IX9
-29.356,41.578,-36.274,18.423,6.594,52,A,1IX9
-24.411,36.022,-32.609,18.464,3.020,64,A,1IX9
25.648,-36.827,33.014,-17.680,-4.905,149,A,1IX9
27.961,-33.330,25.035,-7.302,-13.017,162,A,1IX9
-31.438,42.983,-36.977,16.920,8.941,182,A,1IX9
21.876,-35.693,34.174,-21.008,-0.297,27,A,1M40
26.657,-38.940,35.375,-19.799,-3.566,62,A,1M40
-26.639,40.077,-36.958,20.988,3.417,67,A,1M40
27.481,-41.133,38.150,-21.777,-3.713,107,A,1M40
-23.195,24.548,-15.836,0.394,14.190,145,A,1M40
32.357,-39.541,30.558,-10.373,-13.603,167,A,1M40
-29.010,38.764,-32.376,14.144,8.381,174,A,1M40
-29.398,37.650,-30.583,12.553,10.718,183,A,1M40
-23.369,38.853,-38.851,24.576,-0.955,219,A,1M40
-22.041,36.440,-36.634,23.705,-1.142,226,A,1M40
25.036,-34.096,28.779,-13.829,-6.875,252,A,1M40
28.637,-33.328,25.055,-7.138,-13.453,257,A,1M40
19.458,-31.767,30.857,-18.428,-0.464,27,A,1M40
26.582,-36.670,31.685,-15.592,-6.754,62,A,1M40
-26.639,40.077,-36.958,20.988,3.417,67,A,1M40
27.481,-41.133,38.150,-21.777,-3.713,107,A,1M40
-25.470,34.552,-29.444,14.382,6.439,145,A,1M40
32.357,-39.541,30.558,-10.373,-13.603,167,A,1M40
-29.010,38.764,-32.376,14.144,8.381,174,A,1M40
-29.398,37.650,-30.583,12.553,10.718,183,A,1M40
30.935,-35.351,25.386,-5.514,-15.807,219,A,1M40
-22.041,36.440,-36.634,23.705,-1.142,226,A,1M40
22.139,-29.620,25.350,-11.616,-6.543,252,A,1M40
26.724,-32.183,24.097,-7.654,-11.725,257,A,1M40
-26.639,40.077,-36.958,20.988,3.417,67,A,1M40
27.481,-41.133,38.150,-21.777,-3.713,107,A,1M40
32.357,-39.541,30.558,-10.373,-13.603,167,A,1M40
-29.010,38.764,-32.376,14.144,8.381,174,A,1M40
-29.398,37.650,-30.583,12.553,10.718,183,A,1M40
-22.041,36.440,-36.634,23.705,-1.142,226,A,1M40
-23.559,36.030,-32.115,16.898,4.386,1017,A,1MC2
-15.125,23.141,-21.231,10.961,2.268,1037,A,1MC2
-30.718,40.123,-33.572,13.779,10.312,1090,A,1MC2
-27.556,39.963,-36.589,19.876,4.849,1123,A,1MC2
-23.559,36.030,-32.115,16.898,4.386,1017,A,1MC2
-15.125,23.141,-21.231,10.961,2.268,1037,A,1MC2
-30.718,40.123,-33.572,13.779,10.312,1090,A,1MC2
-27.556,39.963,-36.589,19.876,4.849,1123,A,1MC2
22.997,-31.506,27.409,-12.794,-5.461,4,A,1MUW
-34.057,40.512,-32.722,11.291,13.476,6,A,1MUW
-21.260,32.560,-29.262,15.549,3.258,24,A,1MUW
24.583,-28.927,21.544,-5.502,-11.254,31,A,1MUW
-30.981,40.053,-33.602,14.867,10.623,35,A,1MUW
-29.251,39.136,-31.521,12.973,9.633,59,A,1MUW
-22.546,38.361,-40.339,26.616,-2.498,86,A,1MUW
0.586,-6.250,9.155,-8.712,5.259,96,A,1MUW
-11.833,27.036,-31.313,24.793,-7.954,181,A,1MUW
27.579,-36.994,30.709,-13.326,-8.758,183,A,1MUW
33.807,-40.225,29.945,-8.685,-15.547,186,A,1MUW
26.746,-41.427,39.099,-23.624,-2.047,193,A,1MUW
-22.563,31.728,-29.358,15.930,3.184,208,A,1MUW
-16.984,35.044,-39.239,30.392,-8.326,215,A,1MUW
-30.222,38.457,-31.255,12.548,11.186,228,A,1MUW
-19.761,32.214,-31.950,20.461,-0.757,282,A,1MUW
-22.491,34.287,-33.149,19.719,1.424,289,A,1MUW
-33.571,39.577,-30.629,10.385,14.246,290,A,1MUW
-24.947,34.793,-29.504,13.364,7.159,323,A,1MUW
-30.534,41.258,-36.223,17.825,7.696,340,A,1MUW
22.997,-31.506,27.409,-12.794,-5.461,4,A,1MUW
23.181,-35.103,30.467,-15.194,-4.969,6,A,1MUW
-21.260,32.560,-29.262,15.549,3.258,24,A,1MUW
24.583,-28.927,21.544,-5.502,-11.254,31,A,1MUW
-30.981,40.053,-33.602,14.867,10.623,35,A,1MUW
-29.251,39.136,-31.521,12.973,9.633,59,A,1MUW
20.792,-20.868,11.780,2.539,-14.894,86,A,1MUW
0.586,-6.250,9.155,-8.712,5.259,96,A,1MUW
-11.833,27.036,-31.313,24.793,-7.954,181,A,1MUW
27.579,-36.994,30.709,-13.326,-8.758,183,A,1MUW
33.807,-40.225,29.945,-8.685,-15.547,186,A,1MUW
26.746,-41.427,39.099,-23.624,-2.047,193,A,1MUW
-22.563,31.728,-29.358,15.930,3.184,208,A,1MUW
-16.984,35.044,-39.239,30.392,-8.326,215,A,1MUW
-30.222,38.457,-31.255,12.548,11.186,228,A,1MUW
-19.761,32.214,-31.950,20.461,-0.757,282,A,1MUW
-22.491,34.287,-33.149,19.719,1.424,289,A,1MUW
-33.571,39.577,-30.629,10.385,14.246,290,A,1MUW
-24.947,34.793,-29.504,13.364,7.159,323,A,1MUW
-30.534,41.258,-36.223,17.825,7.696,340,A,1MUW
22.997,-31.506,27.409,-12.794,-5.461,4,A,1MUW
-21.260,32.560,-29.262,15.549,3.258,24,A,1MUW
24.583,-28.927,21.544,-5.502,-11.254,31,A,1MUW
-30.981,40.053,-33.602,14.867,10.623,35,A,1MUW
-29.251,39.136,-31.521,12.973,9.633,59,A,1MUW
0.586,-6.250,9.155,-8.712,5.259,96,A,1MUW
-11.833,27.036,-31.313,24.793,-7.954,181,A,1MUW
27.579,-36.994,30.709,-13.326,-8.758,183,A,1MUW
33.807,-40.225,29.945,-8.685,-15.547,186,A,1MUW
26.746,-41.427,39.099,-23.624,-2.047,193,A,1MUW
-22.563,31.728,-29.358,15.930,3.184,208,A,1MUW
-16.984,35.044,-39.239,30.392,-8.326,215,A,1MUW
-30.222,38.457,-31.255,12.548,11.186,228,A,1MUW
-19.761,32.214,-31.950,20.461,-0.757,282,A,1MUW
-22.491,34.287,-33.149,19.719,1.424,289,A,1MUW
-33.571,39.577,-30.629,10.385,14.246,290,A,1MUW
-24.947,34.793,-29.504,13.364,7.159,323,A,1MUW
-30.534,41.258,-36.223,17.825,7.696,340,A,1MUW
12.992,-6.198,-3.328,12.027,-15.588,27,A,1N9B
-32.983,41.569,-34.273,13.057,12.330,29,A,1N9B
-23.778,37.848,-36.255,22.326,0.455,67,A,1N9B
27.071,-41.969,39.284,-23.720,-1.773,107,A,1N9B
-24.355,33.074,-28.181,13.125,6.816,145,A,1N9B
-21.475,30.756,-27.754,14.389,4.099,174,A,1N9B
-27.894,37.799,-31.392,14.287,8.726,183,A,1N9B
-28.599,43.523,-39.902,22.673,3.648,219,A,1N9B
-19.318,32.810,-33.484,22.244,-1.702,226,A,1N9B
36.487,-41.011,28.798,-5.566,-19.198,252,A,1N9B
35.933,-39.272,26.949,-3.763,-19.808,269,A,1N9B
12.992,-6.198,-3.328,12.027,-15.588,27,A,1N9B
-32.983,41.569,-34.273,13.057,12.330,29,A,1N9B
17.594,-29.242,28.585,-17.622,0.330,67,A,1N9B
27.071,-41.969,39.284,-23.720,-1.773,107,A,1N9B
-24.355,33.074,-28.181,13.125,6.816,145,A,1N9B
-21.475,30.756,-27.754,14.389,4.099,174,A,1N9B
-27.894,37.799,-31.392,14.287,8.726,183,A,1N9B
-28.599,43.523,-39.902,22.673,3.648,219,A,1N9B
-19.318,32.810,-33.484,22.244,-1.702,226,A,1N9B
36.487,-41.011,28.798,-5.566,-19.198,252,A,1N9B
35.933,-39.272,26.949,-3.763,-19.808,269,A,1N9B
12.992,-6.198,-3.328,12.027,-15.588,27,A,1N9B
-32.983,41.569,-34.273,13.057,12.330,29,A,1N9B
None,None,None,None,None,67,A,1N9B
27.071,-41.969,39.284,-23.720,-1.773,107,A,1N9B
-24.355,33.074,-28.181,13.125,6.816,145,A,1N9B
-21.475,30.756,-27.754,14.389,4.099,174,A,1N9B
-27.894,37.799,-31.392,14.287,8.726,183,A,1N9B
-28.599,43.523,-39.902,22.673,3.648,219,A,1N9B
-19.318,32.810,-33.484,22.244,-1.702,226,A,1N9B
36.487,-41.011,28.798,-5.566,-19.198,252,A,1N9B
35.933,-39.272,26.949,-3.763,-19.808,269,A,1N9B
-29.171,36.008,-29.128,10.623,11.860,54,A,1NWZ
26.570,-40.084,36.694,-20.758,-3.122,68,A,1NWZ
-30.088,43.937,-39.506,20.782,5.630,73,A,1NWZ
-30.294,39.208,-32.951,14.427,9.977,102,A,1NWZ
-29.171,36.008,-29.128,10.623,11.860,54,A,1NWZ
26.570,-40.084,36.694,-20.758,-3.122,68,A,1NWZ
-30.088,43.937,-39.506,20.782,5.630,73,A,1NWZ
-30.294,39.208,-32.951,14.427,9.977,102,A,1NWZ
-13.187,19.620,-17.471,9.058,2.445,9,A,1OEW
-8.383,19.357,-21.784,16.787,-5.588,20,A,1OEW
27.602,-39.689,36.464,-19.678,-4.602,26,A,1OEW
4.256,-10.973,12.954,-10.335,3.941,60,A,1OEW
33.244,-40.378,30.849,-9.522,-14.442,137,A,1OEW
35.647,-40.925,29.992,-6.966,-17.997,154,A,1OEW
-25.203,41.646,-41.677,27.431,-1.757,165,A,1OEW
-28.627,40.014,-35.308,17.682,7.046,227,A,1OEW
-13.393,25.933,-27.366,19.149,-3.575,253,A,1OEW
25.750,-30.825,23.024,-6.106,-12.024,259,A,1OEW
-25.234,38.723,-35.843,20.747,2.432,273,A,1OEW
-7.543,17.738,-20.235,15.231,-5.230,281,A,1OEW
34.056,-42.349,34.460,-13.727,-12.610,322,A,1OEW
-13.187,19.620,-17.471,9.058,2.445,9,A,1OEW
-8.383,19.357,-21.784,16.787,-5.588,20,A,1OEW
-22.554,41.126,-42.988,29.609,-4.602,26,A,1OEW
4.256,-10.973,12.954,-10.335,3.941,60,A,1OEW
-2.313,17.558,-25.227,25.129,-14.442,137,A,1OEW
35.647,-40.925,29.992,-6.966,-17.997,154,A,1OEW
27.602,-42.967,41.162,-24.764,-1.757,165,A,1OEW
-28.627,40.014,-35.308,17.682,7.046,227,A,1OEW
-13.393,25.933,-27.366,19.149,-3.575,253,A,1OEW
25.750,-30.825,23.024,-6.106,-12.024,259,A,1OEW
-25.234,38.723,-35.843,20.747,2.432,273,A,1OEW
-7.543,17.738,-20.235,15.231,-5.230,281,A,1OEW
-6.443,22.043,-29.043,26.449,-12.610,322,A,1OEW
30.647,-39.760,31.985,-13.287,-10.448,8,A,1P9G
-16.073,30.803,-33.306,24.247,-4.569,10,A,1P9G
30.647,-39.760,31.985,-13.287,-10.448,8,A,1P9G
31.664,-30.487,16.799,5.782,-25.104,10,A,1P9G
-25.103,39.893,-38.133,22.361,2.074,4,A,1PJX
19.529,-23.376,16.457,-2.866,-10.819,8,A,1PJX
-33.700,41.541,-32.359,10.897,14.554,18,A,1PJX
27.351,-35.760,29.519,-12.852,-9.055,23,A,1PJX
13.151,-28.963,33.009,-25.849,7.821,36,A,1PJX
-7.915,10.339,-8.154,2.565,3.099,44,A,1PJX
25.846,-38.441,34.803,-19.154,-3.727,64,A,1PJX
24.476,-36.662,33.616,-18.672,-3.714,73,A,1PJX
32.003,-36.856,27.450,-7.642,-15.385,135,A,1PJX
35.971,-44.043,34.832,-12.589,-14.834,141,A,1PJX
30.225,-36.864,28.879,-10.166,-12.901,174,A,1PJX
-7.663,16.613,-18.384,13.125,-3.734,187,A,1PJX
26.451,-39.126,35.505,-20.124,-4.092,196,A,1PJX
-32.609,41.080,-31.980,11.977,13.218,208,A,1PJX
-23.780,32.305,-28.955,14.402,5.177,221,A,1PJX
-30.619,42.563,-39.450,23.760,4.668,254,A,1PJX
-23.785,33.358,-29.513,15.557,4.879,259,A,1PJX
35.444,-41.009,29.730,-7.362,-17.647,266,A,1PJX
28.512,-37.669,31.964,-14.644,-8.760,270,A,1PJX
-33.740,41.562,-33.435,11.934,13.430,277,A,1PJX
-25.103,39.893,-38.133,22.361,2.074,4,A,1PJX
19.529,-23.376,16.457,-2.866,-10.819,8,A,1PJX
-33.700,41.541,-32.359,10.897,14.554,18,A,1PJX
27.351,-35.760,29.519,-12.852,-9.055,23,A,1PJX
13.151,-28.963,33.009,-25.849,7.821,36,A,1PJX
-7.915,10.339,-8.154,2.565,3.099,44,A,1PJX
25.846,-38.441,34.803,-19.154,-3.727,64,A,1PJX
24.476,-36.662,33.616,-18.672,-3.714,73,A,1PJX
32.003,-36.856,27.450,-7.642,-15.385,135,A,1PJX
35.971,-44.043,34.832,-12.589,-14.834,141,A,1PJX
30.225,-36.864,28.879,-10.166,-12.901,174,A,1PJX
-7.663,16.613,-18.384,13.125,-3.734,187,A,1PJX
26.451,-39.126,35.505,-20.124,-4.092,196,A,1PJX
-32.609,41.080,-31.980,11.977,13.218,208,A,1PJX
-23.780,32.305,-28.955,14.402,5.177,221,A,1PJX
-30.619,42.563,-39.450,23.760,4.668,254,A,1PJX
-23.785,33.358,-29.513,15.557,4.879,259,A,1PJX
35.444,-41.009,29.730,-7.362,-17.647,266,A,1PJX
28.512,-37.669,31.964,-14.644,-8.760,270,A,1PJX
-33.740,41.562,-33.435,11.934,13.430,277,A,1PJX
-25.103,39.893,-38.133,22.361,2.074,4,A,1PJX
19.529,-23.376,16.457,-2.866,-10.819,8,A,1PJX
-33.700,41.541,-32.359,10.897,14.554,18,A,1PJX
27.351,-35.760,29.519,-12.852,-9.055,23,A,1PJX
13.151,-28.963,33.009,-25.849,7.821,36,A,1PJX
-7.915,10.339,-8.154,2.565,3.099,44,A,1PJX
25.846,-38.441,34.803,-19.154,-3.727,64,A,1PJX
24.476,-36.662,33.616,-18.672,-3.714,73,A,1PJX
32.003,-36.856,27.450,-7.642,-15.385,135,A,1PJX
35.971,-44.043,34.832,-12.589,-14.834,141,A,1PJX
30.225,-36.864,28.879,-10.166,-12.901,174,A,1PJX
-7.663,16.613,-18.384,13.125,-3.734,187,A,1PJX
26.451,-39.126,35.505,-20.124,-4.092,196,A,1PJX
-32.609,41.080,-31.980,11.977,13.218,208,A,1PJX
-23.780,32.305,-28.955,14.402,5.177,221,A,1PJX
-30.619,42.563,-39.450,23.760,4.668,254,A,1PJX
-23.785,33.358,-29.513,15.557,4.879,259,A,1PJX
35.444,-41.009,29.730,-7.362,-17.647,266,A,1PJX
28.512,-37.669,31.964,-14.644,-8.760,270,A,1PJX
-33.740,41.562,-33.435,11.934,13.430,277,A,1PJX
-25.103,39.893,-38.133,22.361,2.074,4,A,1PJX
19.529,-23.376,16.457,-2.866,-10.819,8,A,1PJX
-33.700,41.541,-32.359,10.897,14.554,18,A,1PJX
27.351,-35.760,29.519,-12.852,-9.055,23,A,1PJX
13.151,-28.963,33.009,-25.849,7.821,36,A,1PJX
-7.915,10.339,-8.154,2.565,3.099,44,A,1PJX
25.846,-38.441,34.803,-19.154,-3.727,64,A,1PJX
24.476,-36.662,33.616,-18.672,-3.714,73,A,1PJX
32.003,-36.856,27.450,-7.642,-15.385,135,A,1PJX
35.971,-44.043,34.832,-12.589,-14.834,141,A,1PJX
30.225,-36.864,28.879,-10.166,-12.901,174,A,1PJX
-7.663,16.613,-18.384,13.125,-3.734,187,A,1PJX
26.451,-39.126,35.505,-20.124,-4.092,196,A,1PJX
-32.609,41.080,-31.980,11.977,13.218,208,A,1PJX
-23.780,32.305,-28.955,14.402,5.177,221,A,1PJX
-30.619,42.563,-39.450,23.760,4.668,254,A,1PJX
-23.785,33.358,-29.513,15.557,4.879,259,A,1PJX
35.444,-41.009,29.730,-7.362,-17.647,266,A,1PJX
28.512,-37.669,31.964,-14.644,-8.760,270,A,1PJX
-33.740,41.562,-33.435,11.934,13.430,277,A,1PJX
-29.116,39.920,-34.504,16.511,8.164,28,A,1PQ7
19.886,-29.211,26.419,-12.736,-3.615,39,A,1PQ7
19.469,-33.224,32.644,-20.207,2.045,91,A,1PQ7
31.963,-36.205,25.931,-5.339,-17.331,110,A,1PQ7
-27.394,40.181,-36.851,20.493,4.286,127,A,1PQ7
31.705,-40.974,33.274,-14.789,-9.635,149,A,1PQ7
23.999,-28.771,21.882,-5.398,-11.512,158,A,1PQ7
31.735,-39.229,31.229,-11.890,-12.399,198,A,1PQ7
-23.937,33.591,-29.869,14.731,5.589,219,A,1PQ7
-29.116,39.920,-34.504,16.511,8.164,28,A,1PQ7
-17.953,33.225,-34.696,23.988,-3.615,39,A,1PQ7
19.469,-33.224,32.644,-20.207,2.045,91,A,1PQ7
31.963,-36.205,25.931,-5.339,-17.331,110,A,1PQ7
-27.394,40.181,-36.851,20.493,4.286,127,A,1PQ7
31.705,-40.974,33.274,-14.789,-9.635,149,A,1PQ7
23.999,-28.771,21.882,-5.398,-11.512,158,A,1PQ7
31.735,-39.229,31.229,-11.890,-12.399,198,A,1PQ7
-23.937,33.591,-29.869,14.731,5.589,219,A,1PQ7
30.737,-38.558,30.853,-11.453,-12.321,196,A,1R6J
-23.819,37.851,-37.144,23.249,0.391,271,A,1R6J
28.669,-37.106,30.399,-12.322,-10.206,196,A,1R6J
-23.819,37.851,-37.144,23.249,0.391,271,A,1R6J
-23.819,37.851,-37.144,23.249,0.391,271,A,1R6J
-23.819,37.851,-37.144,23.249,0.391,271,A,1R6J
-24.705,35.856,-32.721,18.017,4.099,12,A,1UCS
30.771,-39.587,33.149,-14.563,-10.164,29,A,1UCS
-29.283,40.448,-36.033,18.456,7.006,33,A,1UCS
20.375,-33.739,32.991,-21.374,0.975,38,A,1UCS
-28.268,38.942,-33.792,16.496,7.536,50,A,1UCS
-30.149,37.994,-30.554,12.031,11.314,57,A,1UCS
-24.705,35.856,-32.721,18.017,4.099,12,A,1UCS
30.771,-39.587,33.149,-14.563,-10.164,29,A,1UCS
-29.283,40.448,-36.033,18.456,7.006,33,A,1UCS
20.375,-33.739,32.991,-21.374,0.975,38,A,1UCS
-28.268,38.942,-33.792,16.496,7.536,50,A,1UCS
-30.149,37.994,-30.554,12.031,11.314,57,A,1UCS
-21.230,35.710,-35.739,23.497,-1.551,13,A,1US0
-26.999,39.250,-35.956,20.378,3.953,23,A,1US0
23.627,-37.848,36.179,-21.980,-0.872,24,A,1US0
22.556,-35.377,33.644,-20.657,-1.133,112,A,1US0
-28.517,37.138,-31.096,13.232,9.442,117,A,1US0
27.226,-35.938,30.048,-13.672,-8.334,123,A,1US0
-20.730,35.440,-36.110,24.384,-2.165,132,A,1US0
-29.557,40.073,-34.223,15.971,8.719,173,A,1US0
25.261,-34.804,29.497,-12.700,-7.781,179,A,1US0
-29.356,38.304,-31.901,13.794,9.820,188,A,1US0
30.560,-40.480,34.281,-15.858,-9.317,211,A,1US0
19.148,-35.606,36.858,-25.072,3.904,215,A,1US0
5.650,-11.544,12.321,-8.864,2.294,218,A,1US0
11.644,-31.995,38.972,-32.306,13.122,222,A,1US0
22.261,-30.639,25.213,-11.026,-6.249,225,A,1US0
25.811,-38.178,33.521,-14.799,-6.660,231,A,1US0
19.463,-33.871,34.789,-23.801,2.658,252,A,1US0
28.636,-37.860,31.654,-14.179,-9.003,261,A,1US0
-32.370,40.576,-31.418,11.218,13.232,266,A,1US0
26.953,-38.093,34.153,-17.969,-5.443,310,A,1US0
-21.230,35.710,-35.739,23.497,-1.551,13,A,1US0
-26.999,39.250,-35.956,20.378,3.953,23,A,1US0
23.627,-37.848,36.179,-21.980,-0.872,24,A,1US0
25.191,-36.965,33.644,-18.747,-4.054,112,A,1US0
23.955,-29.609,21.386,-4.946,-11.864,117,A,1US0
27.226,-35.938,30.048,-13.672,-8.334,123,A,1US0
-20.730,35.440,-36.110,24.384,-2.165,132,A,1US0
-29.557,40.073,-34.223,15.971,8.719,173,A,1US0
-21.411,29.107,-25.645,13.622,4.505,179,A,1US0
-29.356,38.304,-31.901,13.794,9.820,188,A,1US0
30.560,-40.480,34.281,-15.858,-9.317,211,A,1US0
19.148,-35.606,36.858,-25.072,3.904,215,A,1US0
5.650,-11.544,12.321,-8.864,2.294,218,A,1US0
11.644,-31.995,38.972,-32.306,13.122,222,A,1US0
22.261,-30.639,25.213,-11.026,-6.249,225,A,1US0
-35.917,40.257,-28.594,5.231,19.434,231,A,1US0
19.463,-33.871,34.789,-23.801,2.658,252,A,1US0
28.636,-37.860,31.654,-14.179,-9.003,261,A,1US0
-32.370,40.576,-31.418,11.218,13.232,266,A,1US0
26.953,-38.093,34.153,-17.969,-5.443,310,A,1US0
-21.230,35.710,-35.739,23.497,-1.551,13,A,1US0
-26.999,39.250,-35.956,20.378,3.953,23,A,1US0
23.627,-37.848,36.179,-21.980,-0.872,24,A,1US0
None,None,33.644,None,None,112,A,1US0
27.226,-35.938,30.048,-13.672,-8.334,123,A,1US0
-20.730,35.440,-36.110,24.384,-2.165,132,A,1US0
-29.557,40.073,-34.223,15.971,8.719,173,A,1US0
None,None,None,None,None,179,A,1US0
-29.356,38.304,-31.901,13.794,9.820,188,A,1US0
30.560,-40.480,34.281,-15.858,-9.317,211,A,1US0
19.148,-35.606,36.858,-25.072,3.904,215,A,1US0
5.650,-11.544,12.321,-8.864,2.294,218,A,1US0
11.644,-31.995,38.972,-32.306,13.122,222,A,1US0
22.261,-30.639,25.213,-11.026,-6.249,225,A,1US0
19.463,-33.871,34.789,-23.801,2.658,252,A,1US0
28.636,-37.860,31.654,-14.179,-9.003,261,A,1US0
-32.370,40.576,-31.418,11.218,13.232,266,A,1US0
26.953,-38.093,34.153,-17.969,-5.443,310,A,1US0
-29.168,39.111,-33.843,15.695,7.893,12,A,1V6P
13.564,-14.104,7.243,1.756,-9.456,44,A,1V6P
-29.168,39.111,-33.843,15.695,7.893,12,A,1V6P
29.213,-36.083,27.794,-9.023,-12.680,44,A,1V6P
-29.168,39.111,-33.843,15.695,7.893,12,A,1V6P
-25.555,40.706,-38.961,24.568,0.580,8,A,1VYR
30.710,-38.072,30.372,-11.035,-12.313,17,A,1VYR
26.205,-35.803,30.856,-14.765,-7.030,24,A,1VYR
28.764,-38.510,32.377,-14.270,-8.822,33,A,1VYR
-25.283,34.861,-30.395,14.666,6.224,37,A,1VYR
-27.924,37.515,-30.998,13.678,8.288,39,A,1VYR
32.618,-36.954,26.107,-5.594,-17.279,72,A,1VYR
-26.849,37.761,-32.707,15.500,7.005,77,A,1VYR
-25.064,36.562,-33.045,17.804,3.980,114,A,1VYR
31.655,-36.880,26.948,-6.976,-14.802,119,A,1VYR
34.838,-39.623,28.347,-5.789,-18.196,148,A,1VYR
-27.987,37.655,-31.597,14.358,7.722,157,A,1VYR
-15.420,24.813,-23.964,13.156,0.634,194,A,1VYR
36.143,-37.630,23.932,-0.163,-22.416,236,A,1VYR
31.776,-42.071,35.028,-14.267,-10.527,247,A,1VYR
19.599,-23.630,17.568,-5.519,-8.389,280,A,1VYR
22.210,-33.789,30.908,-17.346,-2.639,330,A,1VYR
17.939,-21.559,15.663,-4.027,-8.252,344,A,1VYR
-17.052,24.422,-21.409,10.404,3.947,347,A,1VYR
26.231,-36.233,31.367,-14.402,-7.190,362,A,1VYR
-25.555,40.706,-38.961,24.568,0.580,8,A,1VYR
30.710,-38.072,30.372,-11.035,-12.313,17,A,1VYR
26.205,-35.803,30.856,-14.765,-7.030,24,A,1VYR
28.764,-38.510,32.377,-14.270,-8.822,33,A,1VYR
-25.283,34.861,-30.395,14.666,6.224,37,A,1VYR
-27.924,37.515,-30.998,13.678,8.288,39,A,1VYR
32.618,-36.954,26.107,-5.594,-17.279,72,A,1VYR
-26.849,37.761,-32.707,15.500,7.005,77,A,1VYR
-25.064,36.562,-33.045,17.804,3.980,114,A,1VYR
31.655,-36.880,26.948,-6.976,-14.802,119,A,1VYR
34.838,-39.623,28.347,-5.789,-18.196,148,A,1VYR
-27.987,37.655,-31.597,14.358,7.722,157,A,1VYR
-15.420,24.813,-23.964,13.156,0.634,194,A,1VYR
36.143,-37.630,23.932,-0.163,-22.416,236,A,1VYR
31.776,-42.071,35.028,-14.267,-10.527,247,A,1VYR
19.599,-23.630,17.568,-5.519,-8.389,280,A,1VYR
22.210,-33.789,30.908,-17.346,-2.639,330,A,1VYR
17.939,-21.559,15.663,-4.027,-8.252,344,A,1VYR
-17.052,24.422,-21.409,10.404,3.947,347,A,1VYR
26.231,-36.233,31.367,-14.402,-7.190,362,A,1VYR
33.036,-36.635,25.824,-5.108,-17.490,33,A,1W0N
-25.558,36.832,-33.207,17.763,4.959,92,A,1W0N
33.036,-36.635,25.824,-5.108,-17.490,33,A,1W0N
-25.558,36.832,-33.207,17.763,4.959,92,A,1W0N
33.036,-36.635,25.824,-5.108,-17.490,33,A,1W0N
-25.558,36.832,-33.207,17.763,4.959,92,A,1W0N
-25.701,36.730,-32.946,17.183,4.767,42,A,1X6Z
25.386,-31.286,24.160,-7.567,-11.204,72,A,1X6Z
27.211,-31.763,23.084,-5.127,-13.562,89,A,1X6Z
31.851,-40.279,31.883,-11.601,-13.009,91,A,1X6Z
-21.027,27.396,-22.046,8.167,7.941,109,A,1X6Z
-2.622,7.298,-8.855,7.137,-3.093,139,A,1X6Z
-25.701,36.730,-32.946,17.183,4.767,42,A,1X6Z
25.386,-31.286,24.160,-7.567,-11.204,72,A,1X6Z
27.211,-31.763,23.084,-5.127,-13.562,89,A,1X6Z
31.851,-40.279,31.883,-11.601,-13.009,91,A,1X6Z
-21.027,27.396,-22.046,8.167,7.941,109,A,1X6Z
-2.622,7.298,-8.855,7.137,-3.093,139,A,1X6Z
-25.701,36.730,-32.946,17.183,4.767,42,A,1X6Z
25.386,-31.286,24.160,-7.567,-11.204,72,A,1X6Z
27.211,-31.763,23.084,-5.127,-13.562,89,A,1X6Z
31.851,-40.279,31.883,-11.601,-13.009,91,A,1X6Z
-21.027,27.396,-22.046,8.167,7.941,109,A,1X6Z
-2.622,7.298,-8.855,7.137,-3.093,139,A,1X6Z
-27.989,17.459,-0.225,-18.492,28.800,33,A,1X8P
-28.953,46.097,-44.859,29.880,-1.293,37,A,1X8P
27.543,-38.870,34.015,-16.611,-6.976,62,A,1X8P
-27.989,17.459,-0.225,-18.492,28.800,33,A,1X8P
-28.953,46.097,-44.859,29.880,-1.293,37,A,1X8P
27.543,-38.870,34.015,-16.611,-6.976,62,A,1X8P
24.504,-40.006,38.407,-23.853,-0.442,20,A,1YK4
-23.814,35.688,-33.224,19.000,3.338,26,A,1YK4
29.488,-41.320,34.127,-15.682,-8.873,34,A,1YK4
9.503,-18.122,19.058,-12.351,2.546,40,A,1YK4
33.565,-40.405,30.909,-9.379,-14.780,45,A,1YK4
-22.117,39.353,-42.071,27.134,-3.342,20,A,1YK4
-23.814,35.688,-33.224,19.000,3.338,26,A,1YK4
-27.161,33.455,-26.005,8.302,11.666,34,A,1YK4
-1.905,5.742,-7.145,6.347,-2.889,40,A,1YK4
33.565,-40.405,30.909,-9.379,-14.780,45,A,1YK4
None,None,None,None,None,20,A,1YK4
-23.814,35.688,-33.224,19.000,3.338,26,A,1YK4
None,None,None,None,None,34,A,1YK4
None,None,None,None,None,40,A,1YK4
33.565,-40.405,30.909,-9.379,-14.780,45,A,1YK4
31.517,-39.938,31.202,-11.661,-11.843,4,A,2B97
26.126,-35.518,30.900,-14.992,-5.827,11,A,2B97
-26.576,39.338,-35.532,19.687,4.468,29,A,2B97
29.468,-34.921,25.244,-6.356,-14.670,50,A,2B97
38.166,-41.116,27.677,-3.305,-21.347,56,A,2B97
31.517,-39.938,31.202,-11.661,-11.843,4,A,2B97
26.126,-35.518,30.900,-14.992,-5.827,11,A,2B97
-26.576,39.338,-35.532,19.687,4.468,29,A,2B97
29.468,-34.921,25.244,-6.356,-14.670,50,A,2B97
38.166,-41.116,27.677,-3.305,-21.347,56,A,2B97
-14.969,26.363,-26.916,18.873,-2.763,13,A,2BW4
-27.360,36.957,-31.428,14.123,8.534,22,A,2BW4
36.758,-42.435,30.959,-7.641,-18.174,23,A,2BW4
-25.725,35.823,-30.582,14.053,7.169,36,A,2BW4
36.370,-41.133,30.028,-7.183,-18.274,69,A,2BW4
-14.241,21.653,-20.402,11.140,1.465,71,A,2BW4
-25.979,35.776,-31.697,15.391,5.585,88,A,2BW4
-26.408,36.463,-31.434,15.201,7.174,116,A,2BW4
32.436,-36.715,26.060,-5.746,-16.147,129,A,2BW4
-12.339,31.441,-36.915,29.491,-11.274,138,A,2BW4
19.066,-30.773,30.401,-18.924,0.046,143,A,2BW4
-18.783,34.800,-36.636,26.109,-4.584,158,A,2BW4
24.585,-34.298,27.912,-12.105,-8.346,169,A,2BW4
-29.597,38.380,-32.099,13.908,9.547,186,A,2BW4
-19.959,27.280,-22.841,10.001,5.717,199,A,2BW4
-22.688,34.796,-33.030,19.113,1.800,215,A,2BW4
-22.041,36.513,-35.741,22.143,0.043,254,A,2BW4
19.561,-28.656,25.036,-11.198,-4.703,273,A,2BW4
29.426,-37.544,30.333,-12.114,-10.276,274,A,2BW4
-17.316,31.163,-32.594,22.536,-3.680,284,A,2BW4
38.008,-40.382,26.234,-2.088,-22.885,298,A,2BW4
-31.004,38.682,-30.862,11.441,12.647,337,A,2BW4
-14.969,26.363,-26.916,18.873,-2.763,13,A,2BW4
18.038,-27.753,25.788,-15.000,-1.953,22,A,2BW4
36.758,-42.435,30.959,-7.641,-18.174,23,A,2BW4
21.558,-33.249,30.886,-16.967,-2.820,36,A,2BW4
36.370,-41.133,30.028,-7.183,-18.274,69,A,2BW4
29.905,-38.250,30.590,-12.094,-11.952,71,A,2BW4
15.452,-27.461,27.975,-18.408,2.225,88,A,2BW4
-26.408,36.463,-31.434,15.201,7.174,116,A,2BW4
32.436,-36.715,26.060,-5.746,-16.147,129,A,2BW4
-12.339,31.441,-36.915,29.491,-11.274,138,A,2BW4
19.066,-30.773,30.401,-18.924,0.046,143,A,2BW4
-18.783,34.800,-36.636,26.109,-4.584,158,A,2BW4
-25.523,32.401,-27.184,11.243,8.154,169,A,2BW4
-29.597,38.380,-32.099,13.908,9.547,186,A,2BW4
-19.959,27.280,-22.841,10.001,5.717,199,A,2BW4
-22.688,34.796,-33.030,19.113,1.800,215,A,2BW4
-22.041,36.513,-35.741,22.143,0.043,254,A,2BW4
19.561,-28.656,25.036,-11.198,-4.703,273,A,2BW4
29.426,-37.544,30.333,-12.114,-10.276,274,A,2BW4
-17.316,31.163,-32.594,22.536,-3.680,284,A,2BW4
38.008,-40.382,26.234,-2.088,-22.885,298,A,2BW4
-31.004,38.682,-30.862,11.441,12.647,337,A,2BW4
-14.969,26.363,-26.916,18.873,-2.763,13,A,2BW4
None,None,None,None,None,22,A,2BW4
36.758,-42.435,30.959,-7.641,-18.174,23,A,2BW4
36.370,-41.133,30.028,-7.183,-18.274,69,A,2BW4
None,None,None,None,None,88,A,2BW4
-26.408,36.463,-31.434,15.201,7.174,116,A,2BW4
32.436,-36.715,26.060,-5.746,-16.147,129,A,2BW4
-12.339,31.441,-36.915,29.491,-11.274,138,A,2BW4
19.066,-30.773,30.401,-18.924,0.046,143,A,2BW4
-18.783,34.800,-36.636,26.109,-4.584,158,A,2BW4
None,None,None,None,None,169,A,2BW4
-29.597,38.380,-32.099,13.908,9.547,186,A,2BW4
-19.959,27.280,-22.841,10.001,5.717,199,A,2BW4
-22.688,34.796,-33.030,19.113,1.800,215,A,2BW4
-22.041,36.513,-35.741,22.143,0.043,254,A,2BW4
19.561,-28.656,25.036,-11.198,-4.703,273,A,2BW4
29.426,-37.544,30.333,-12.114,-10.276,274,A,2BW4
-17.316,31.163,-32.594,22.536,-3.680,284,A,2BW4
38.008,-40.382,26.234,-2.088,-22.885,298,A,2BW4
-31.004,38.682,-30.862,11.441,12.647,337,A,2BW4
22.003,-31.262,27.569,-13.725,-4.989,7,A,2DDX
-18.255,32.485,-33.386,22.612,-2.827,33,A,2DDX
26.072,-34.757,29.175,-12.599,-8.115,69,A,2DDX
-18.839,29.360,-27.574,15.647,1.689,108,A,2DDX
-26.580,39.036,-35.673,19.526,4.289,120,A,2DDX
-29.854,39.537,-33.036,14.511,9.621,126,A,2DDX
-27.060,40.161,-37.113,20.676,3.819,160,A,2DDX
-26.241,35.567,-30.411,13.918,7.568,162,A,2DDX
33.279,-37.565,26.828,-5.053,-16.942,171,A,2DDX
27.147,-37.662,32.919,-16.107,-6.659,186,A,2DDX
31.716,-37.871,28.958,-8.932,-14.251,207,A,2DDX
30.208,-37.837,30.124,-11.012,-12.023,215,A,2DDX
32.850,-39.550,30.440,-9.680,-14.192,229,A,2DDX
-22.629,37.990,-37.981,24.602,-1.308,250,A,2DDX
35.345,-35.487,21.455,1.596,-22.982,281,A,2DDX
22.003,-31.262,27.569,-13.725,-4.989,7,A,2DDX
-18.255,32.485,-33.386,22.612,-2.827,33,A,2DDX
26.072,-34.757,29.175,-12.599,-8.115,69,A,2DDX
-18.839,29.360,-27.574,15.647,1.689,108,A,2DDX
-26.580,39.036,-35.673,19.526,4.289,120,A,2DDX
-29.854,39.537,-33.036,14.511,9.621,126,A,2DDX
-27.060,40.161,-37.113,20.676,3.819,160,A,2DDX
-26.241,35.567,-30.411,13.918,7.568,162,A,2DDX
33.279,-37.565,26.828,-5.053,-16.942,171,A,2DDX
27.147,-37.662,32.919,-16.107,-6.659,186,A,2DDX
31.716,-37.871,28.958,-8.932,-14.251,207,A,2DDX
30.208,-37.837,30.124,-11.012,-12.023,215,A,2DDX
32.850,-39.550,30.440,-9.680,-14.192,229,A,2DDX
-22.629,37.990,-37.981,24.602,-1.308,250,A,2DDX
35.345,-35.487,21.455,1.596,-22.982,281,A,2DDX
22.003,-31.262,27.569,-13.725,-4.989,7,A,2DDX
-18.255,32.485,-33.386,22.612,-2.827,33,A,2DDX
26.072,-34.757,29.175,-12.599,-8.115,69,A,2DDX
-18.839,29.360,-27.574,15.647,1.689,108,A,2DDX
-26.580,39.036,-35.673,19.526,4.289,120,A,2DDX
-29.854,39.537,-33.036,14.511,9.621,126,A,2DDX
-27.060,40.161,-37.113,20.676,3.819,160,A,2DDX
-26.241,35.567,-30.411,13.918,7.568,162,A,2DDX
33.279,-37.565,26.828,-5.053,-16.942,171,A,2DDX
27.147,-37.662,32.919,-16.107,-6.659,186,A,2DDX
31.716,-37.871,28.958,-8.932,-14.251,207,A,2DDX
30.208,-37.837,30.124,-11.012,-12.023,215,A,2DDX
32.850,-39.550,30.440,-9.680,-14.192,229,A,2DDX
-22.629,37.990,-37.981,24.602,-1.308,250,A,2DDX
35.345,-35.487,21.455,1.596,-22.982,281,A,2DDX
22.003,-31.262,27.569,-13.725,-4.989,7,A,2DDX
-18.255,32.485,-33.386,22.612,-2.827,33,A,2DDX
26.072,-34.757,29.175,-12.599,-8.115,69,A,2DDX
-18.839,29.360,-27.574,15.647,1.689,108,A,2DDX
-26.580,39.036,-35.673,19.526,4.289,120,A,2DDX
-29.854,39.537,-33.036,14.511,9.621,126,A,2DDX
-27.060,40.161,-37.113,20.676,3.819,160,A,2DDX
-26.241,35.567,-30.411,13.918,7.568,162,A,2DDX
33.279,-37.565,26.828,-5.053,-16.942,171,A,2DDX
27.147,-37.662,32.919,-16.107,-6.659,186,A,2DDX
31.716,-37.871,28.958,-8.932,-14.251,207,A,2DDX
30.208,-37.837,30.124,-11.012,-12.023,215,A,2DDX
32.850,-39.550,30.440,-9.680,-14.192,229,A,2DDX
-22.629,37.990,-37.981,24.602,-1.308,250,A,2DDX
35.345,-35.487,21.455,1.596,-22.982,281,A,2DDX
14.324,-27.857,29.605,-20.563,3.843,15,A,2DSX
-32.272,40.538,-32.366,11.906,12.957,20,A,2DSX
-29.567,38.318,-32.218,13.873,9.013,26,A,2DSX
25.285,-37.784,34.694,-19.325,-3.555,34,A,2DSX
-25.813,34.979,-29.615,13.810,7.431,40,A,2DSX
-21.493,30.593,-27.704,14.343,3.843,15,A,2DSX
-32.272,40.538,-32.366,11.906,12.957,20,A,2DSX
-29.567,38.318,-32.218,13.873,9.013,26,A,2DSX
-20.779,34.939,-35.251,23.826,-3.555,34,A,2DSX
-25.813,34.979,-29.615,13.810,7.431,40,A,2DSX
25.086,-36.014,35.244,-19.429,-3.558,64,A,2F01
24.647,-33.610,28.193,-12.557,-7.275,64,B,2F01
-14.509,21.995,-20.201,11.359,1.585,135,B,2F01
25.086,-36.014,35.244,-19.429,-3.558,64,A,2F01
24.647,-33.610,28.193,-12.557,-7.275,64,B,2F01
-14.509,21.995,-20.201,11.359,1.585,135,B,2F01
23.771,-36.682,35.058,-20.464,-1.063,173,A,2FMA
-29.516,39.590,-33.521,14.457,9.382,188,A,2FMA
23.771,-36.682,35.058,-20.464,-1.063,173,A,2FMA
-29.516,39.590,-33.521,14.457,9.382,188,A,2FMA
36.488,-39.421,26.660,-3.318,-20.830,95,A,2H5C
33.825,-39.457,28.960,-7.811,-16.608,120,A,2H5C
22.185,-35.755,35.353,-22.398,0.742,233,A,2H5C
36.488,-39.421,26.660,-3.318,-20.830,95,A,2H5C
33.825,-39.457,28.960,-7.811,-16.608,120,A,2H5C
22.185,-35.755,35.353,-22.398,0.742,233,A,2H5C
36.488,-39.421,26.660,-3.318,-20.830,95,A,2H5C
33.825,-39.457,28.960,-7.811,-16.608,120,A,2H5C
22.185,-35.755,35.353,-22.398,0.742,233,A,2H5C
36.488,-39.421,26.660,-3.318,-20.830,95,A,2H5C
33.825,-39.457,28.960,-7.811,-16.608,120,A,2H5C
22.185,-35.755,35.353,-22.398,0.742,233,A,2H5C
40.802,-52.388,44.624,-18.887,-12.979,1,A,2HS1
29.786,-37.713,30.378,-12.044,-10.663,9,A,2HS1
36.639,-38.035,23.351,0.014,-22.581,39,A,2HS1
20.337,-27.032,22.841,-10.131,-6.184,44,A,2HS1
28.356,-36.095,28.694,-11.289,-10.361,79,A,2HS1
9.535,-13.326,11.702,-5.395,-2.503,81,A,2HS1
40.802,-52.388,44.624,-18.887,-12.979,1,A,2HS1
29.786,-37.713,30.378,-12.044,-10.663,9,A,2HS1
36.639,-38.035,23.351,0.014,-22.581,39,A,2HS1
-4.316,21.970,-30.573,28.596,-15.344,44,A,2HS1
28.356,-36.095,28.694,-11.289,-10.361,79,A,2HS1
9.535,-13.326,11.702,-5.395,-2.503,81,A,2HS1
-27.463,32.565,-24.895,7.183,12.595,6,A,2IDQ
-18.042,34.281,-36.291,25.971,-5.813,10,A,2IDQ
10.837,-13.268,9.822,-2.469,-5.270,33,A,2IDQ
-24.605,38.695,-37.048,22.990,1.140,52,A,2IDQ
32.104,-40.912,33.173,-12.680,-11.679,70,A,2IDQ
25.473,-36.816,33.323,-17.953,-4.486,94,A,2IDQ
26.259,-38.351,34.566,-18.754,-4.635,96,A,2IDQ
-27.463,32.565,-24.895,7.183,12.595,6,A,2IDQ
-18.042,34.281,-36.291,25.971,-5.813,10,A,2IDQ
10.837,-13.268,9.822,-2.469,-5.270,33,A,2IDQ
-24.605,38.695,-37.048,22.990,1.140,52,A,2IDQ
32.104,-40.912,33.173,-12.680,-11.679,70,A,2IDQ
25.473,-36.816,33.323,-17.953,-4.486,94,A,2IDQ
26.259,-38.351,34.566,-18.754,-4.635,96,A,2IDQ
-28.953,39.741,-34.845,16.879,7.449,7,A,2IXT
-34.390,39.893,-29.282,7.128,17.019,42,A,2IXT
27.433,-30.794,21.844,-3.663,-14.486,60,A,2IXT
29.025,-39.983,35.005,-17.367,-7.300,95,A,2IXT
29.824,-39.801,33.622,-15.323,-8.634,180,A,2IXT
-29.349,36.569,-29.270,10.621,11.314,184,A,2IXT
-30.426,41.415,-35.755,17.718,7.824,230,A,2IXT
22.873,-37.273,37.141,-24.064,0.842,254,A,2IXT
26.470,-35.528,30.094,-14.123,-7.544,268,A,2IXT
-28.327,39.490,-34.800,18.009,5.993,7,B,2IXT
23.739,-38.738,38.669,-25.297,0.791,42,B,2IXT
-11.588,29.259,-34.346,28.213,-10.362,60,B,2IXT
27.766,-38.697,34.064,-16.694,-6.936,95,B,2IXT
28.495,-38.520,33.375,-16.150,-7.811,180,B,2IXT
-29.781,36.941,-29.331,10.927,11.436,184,B,2IXT
-28.678,39.837,-34.583,17.416,6.990,230,B,2IXT
23.287,-37.885,37.598,-24.099,0.547,254,B,2IXT
-12.725,27.955,-32.383,25.454,-8.350,268,B,2IXT
-28.953,39.741,-34.845,16.879,7.449,7,A,2IXT
21.065,-34.719,34.962,-23.131,1.617,42,A,2IXT
-17.765,32.486,-34.406,24.376,-4.355,60,A,2IXT
29.025,-39.983,35.005,-17.367,-7.300,95,A,2IXT
29.824,-39.801,33.622,-15.323,-8.634,180,A,2IXT
-29.349,36.569,-29.270,10.621,11.314,184,A,2IXT
-30.426,41.415,-35.755,17.718,7.824,230,A,2IXT
22.873,-37.273,37.141,-24.064,0.842,254,A,2IXT
-1.399,21.450,-32.195,33.896,-19.827,268,A,2IXT
-28.327,39.490,-34.800,18.009,5.993,7,B,2IXT
-33.113,39.737,-30.360,8.920,14.887,42,B,2IXT
-11.938,29.032,-34.404,27.832,-10.308,60,B,2IXT
27.766,-38.697,34.064,-16.694,-6.936,95,B,2IXT
28.495,-38.520,33.375,-16.150,-7.811,180,B,2IXT
-29.781,36.941,-29.331,10.927,11.436,184,B,2IXT
-28.678,39.837,-34.583,17.416,6.990,230,B,2IXT
23.287,-37.885,37.598,-24.099,0.547,254,B,2IXT
-12.725,27.955,-32.383,25.454,-8.350,268,B,2IXT
-28.953,39.741,-34.845,16.879,7.449,7,A,2IXT
None,None,None,None,None,42,A,2IXT
None,None,None,None,None,60,A,2IXT
29.025,-39.983,35.005,-17.367,-7.300,95,A,2IXT
29.824,-39.801,33.622,-15.323,-8.634,180,A,2IXT
-29.349,36.569,-29.270,10.621,11.314,184,A,2IXT
-30.426,41.415,-35.755,17.718,7.824,230,A,2IXT
22.873,-37.273,37.141,-24.064,0.842,254,A,2IXT
-28.327,39.490,-34.800,18.009,5.993,7,B,2IXT
None,None,None,None,None,42,B,2IXT
27.766,-38.697,34.064,-16.694,-6.936,95,B,2IXT
28.495,-38.520,33.375,-16.150,-7.811,180,B,2IXT
-29.781,36.941,-29.331,10.927,11.436,184,B,2IXT
-28.678,39.837,-34.583,17.416,6.990,230,B,2IXT
23.287,-37.885,37.598,-24.099,0.547,254,B,2IXT
-12.725,27.955,-32.383,25.454,-8.350,268,B,2IXT
37.668,-45.385,34.523,-11.287,-16.609,15,A,2JFR
29.711,-38.404,32.164,-13.827,-9.673,60,A,2JFR
24.905,-32.190,26.815,-12.266,-7.340,84,A,2JFR
-27.982,36.983,-30.367,11.939,9.632,99,A,2JFR
-30.419,41.736,-35.802,17.613,8.366,104,A,2JFR
-16.450,35.112,-39.871,30.926,-9.392,113,A,2JFR
26.117,-39.063,36.242,-21.422,-2.960,150,A,2JFR
30.922,-41.249,34.737,-13.944,-10.385,163,A,2JFR
29.758,-37.927,31.853,-13.692,-9.078,167,A,2JFR
-29.674,37.844,-30.919,12.134,11.255,176,A,2JFR
-32.279,40.274,-31.117,10.118,13.787,203,A,2JFR
14.869,-26.202,25.044,-14.648,-0.001,205,A,2JFR
37.668,-45.385,34.523,-11.287,-16.609,15,A,2JFR
29.711,-38.404,32.164,-13.827,-9.673,60,A,2JFR
24.905,-32.190,26.815,-12.266,-7.340,84,A,2JFR
-27.982,36.983,-30.367,11.939,9.632,99,A,2JFR
-30.419,41.736,-35.802,17.613,8.366,104,A,2JFR
-16.450,35.112,-39.871,30.926,-9.392,113,A,2JFR
26.117,-39.063,36.242,-21.422,-2.960,150,A,2JFR
30.922,-41.249,34.737,-13.944,-10.385,163,A,2JFR
29.758,-37.927,31.853,-13.692,-9.078,167,A,2JFR
-29.674,37.844,-30.919,12.134,11.255,176,A,2JFR
-32.279,40.274,-31.117,10.118,13.787,203,A,2JFR
14.869,-26.202,25.044,-14.648,-0.001,205,A,2JFR
-27.893,40.754,-37.480,20.482,4.527,86,A,2O7A
25.253,-38.233,35.442,-20.671,-2.767,143,A,2O7A
-27.893,40.754,-37.480,20.482,4.527,86,A,2O7A
25.253,-38.233,35.442,-20.671,-2.767,143,A,2O7A
-27.893,40.754,-37.480,20.482,4.527,86,A,2O7A
25.253,-38.233,35.442,-20.671,-2.767,143,A,2O7A
26.726,-36.512,32.407,-15.149,-6.800,821,A,2O9S
25.945,-38.865,35.849,-20.110,-3.503,864,A,2O9S
-12.837,30.564,-36.632,30.149,-11.186,873,A,2O9S
13.315,-13.069,7.185,1.871,-9.429,883,A,2O9S
26.726,-36.512,32.407,-15.149,-6.800,821,A,2O9S
25.945,-38.865,35.849,-20.110,-3.503,864,A,2O9S
-12.837,30.564,-36.632,30.149,-11.186,873,A,2O9S
13.315,-13.069,7.185,1.871,-9.429,883,A,2O9S
-18.639,22.295,-16.800,5.005,8.046,6,A,2OV0
-17.145,31.367,-34.263,24.078,-4.395,10,A,2OV0
22.041,-32.089,27.958,-13.383,-4.900,33,A,2OV0
-23.382,37.584,-36.558,21.991,0.822,52,A,2OV0
32.431,-38.953,30.000,-10.135,-14.051,70,A,2OV0
22.584,-35.137,33.555,-19.267,-2.108,94,A,2OV0
25.485,-37.416,35.129,-19.601,-3.656,96,A,2OV0
-18.639,22.295,-16.800,5.005,8.046,6,A,2OV0
27.052,-34.128,25.854,-7.849,-12.185,10,A,2OV0
22.041,-32.089,27.958,-13.383,-4.900,33,A,2OV0
-23.382,37.584,-36.558,21.991,0.822,52,A,2OV0
32.431,-38.953,30.000,-10.135,-14.051,70,A,2OV0
22.584,-35.137,33.555,-19.267,-2.108,94,A,2OV0
25.485,-37.416,35.129,-19.601,-3.656,96,A,2OV0
-4.102,16.527,-22.114,19.485,-9.948,67,A,2P74
33.757,-37.688,27.450,-6.890,-16.150,94,A,2P74
-33.417,42.545,-36.635,15.488,10.842,99,A,2P74
25.067,-38.020,34.601,-18.972,-3.733,107,A,2P74
-29.232,37.467,-30.571,12.902,10.466,145,A,2P74
37.646,-40.489,26.908,-2.490,-21.865,167,A,2P74
-28.987,38.816,-34.295,16.903,7.406,174,A,2P74
31.743,-40.856,32.490,-12.422,-11.563,177,A,2P74
-28.183,38.284,-32.939,16.037,7.619,183,A,2P74
-30.820,40.698,-34.836,17.049,7.880,226,A,2P74
-13.820,30.360,-34.925,26.264,-7.995,252,A,2P74
-1.218,2.072,-2.003,1.167,-0.007,258,A,2P74
1.971,-2.708,2.259,-0.879,-0.646,268,A,2P74
-11.876,24.772,-27.356,20.034,-5.257,67,B,2P74
-6.638,17.162,-20.564,16.670,-6.354,94,B,2P74
-28.152,34.703,-27.112,8.722,11.626,99,B,2P74
23.918,-37.225,35.965,-22.347,-0.636,107,B,2P74
-29.150,38.263,-32.053,14.179,9.069,145,B,2P74
36.337,-38.359,23.988,-0.713,-21.862,167,B,2P74
-24.236,37.176,-34.528,18.595,3.790,174,B,2P74
29.969,-38.052,30.002,-10.618,-12.362,177,B,2P74
-27.608,36.520,-30.347,13.877,8.465,183,B,2P74
-30.257,43.387,-38.775,19.886,6.359,226,B,2P74
-15.364,31.690,-35.368,28.040,-8.323,252,B,2P74
18.554,-28.589,27.768,-15.665,-1.498,258,B,2P74
-20.712,32.070,-29.887,17.677,1.612,268,B,2P74
-4.102,16.527,-22.114,19.485,-9.948,67,A,2P74
30.357,-41.309,35.431,-16.967,-8.403,94,A,2P74
-33.417,42.545,-36.635,15.488,10.842,99,A,2P74
25.067,-38.020,34.601,-18.972,-3.733,107,A,2P74
-29.232,37.467,-30.571,12.902,10.466,145,A,2P74
37.646,-40.489,26.908,-2.490,-21.865,167,A,2P74
-28.987,38.816,-34.295,16.903,7.406,174,A,2P74
0.516,15.943,-25.546,26.767,-17.213,177,A,2P74
-28.183,38.284,-32.939,16.037,7.619,183,A,2P74
-30.820,40.698,-34.836,17.049,7.880,226,A,2P74
-13.820,30.360,-34.925,26.264,-7.995,252,A,2P74
-1.218,2.072,-2.003,1.167,-0.007,258,A,2P74
1.971,-2.708,2.259,-0.879,-0.646,268,A,2P74
-11.876,24.772,-27.356,20.034,-5.257,67,B,2P74
-6.638,17.162,-20.564,16.670,-6.354,94,B,2P74
-28.152,34.703,-27.112,8.722,11.626,99,B,2P74
23.918,-37.225,35.965,-22.347,-0.636,107,B,2P74
-29.150,38.263,-32.053,14.179,9.069,145,B,2P74
36.337,-38.359,23.988,-0.713,-21.862,167,B,2P74
-24.236,37.176,-34.528,18.595,3.790,174,B,2P74
29.969,-38.052,30.002,-10.618,-12.362,177,B,2P74
-27.608,36.520,-30.347,13.877,8.465,183,B,2P74
-30.257,43.387,-38.775,19.886,6.359,226,B,2P74
-15.364,31.690,-35.368,28.040,-8.323,252,B,2P74
18.554,-28.589,27.768,-15.665,-1.498,258,B,2P74
-20.712,32.070,-29.887,17.677,1.612,268,B,2P74
-4.102,16.527,-22.114,19.485,-9.948,67,A,2P74
-33.417,42.545,-36.635,15.488,10.842,99,A,2P74
25.067,-38.020,34.601,-18.972,-3.733,107,A,2P74
-29.232,37.467,-30.571,12.902,10.466,145,A,2P74
37.646,-40.489,26.908,-2.490,-21.865,167,A,2P74
-28.987,38.816,-34.295,16.903,7.406,174,A,2P74
None,None,None,None,None,177,A,2P74
-28.183,38.284,-32.939,16.037,7.619,183,A,2P74
-30.820,40.698,-34.836,17.049,7.880,226,A,2P74
-13.820,30.360,-34.925,26.264,-7.995,252,A,2P74
-1.218,2.072,-2.003,1.167,-0.007,258,A,2P74
1.971,-2.708,2.259,-0.879,-0.646,268,A,2P74
-11.876,24.772,-27.356,20.034,-5.257,67,B,2P74
-6.638,17.162,-20.564,16.670,-6.354,94,B,2P74
-28.152,34.703,-27.112,8.722,11.626,99,B,2P74
23.918,-37.225,35.965,-22.347,-0.636,107,B,2P74
-29.150,38.263,-32.053,14.179,9.069,145,B,2P74
36.337,-38.359,23.988,-0.713,-21.862,167,B,2P74
-24.236,37.176,-34.528,18.595,3.790,174,B,2P74
29.969,-38.052,30.002,-10.618,-12.362,177,B,2P74
-27.608,36.520,-30.347,13.877,8.465,183,B,2P74
-30.257,43.387,-38.775,19.886,6.359,226,B,2P74
-15.364,31.690,-35.368,28.040,-8.323,252,B,2P74
18.554,-28.589,27.768,-15.665,-1.498,258,B,2P74
-20.712,32.070,-29.887,17.677,1.612,268,B,2P74
26.130,-38.738,36.233,-20.135,-3.588,15,A,2PVE
20.474,-34.829,35.447,-23.106,1.742,20,A,2PVE
-28.434,38.176,-32.227,14.955,8.037,26,A,2PVE
-30.431,40.136,-34.278,15.759,8.429,34,A,2PVE
26.687,-34.551,28.502,-12.160,-8.837,40,A,2PVE
32.752,-37.393,26.125,-4.639,-17.654,45,A,2PVE
26.130,-38.738,36.233,-20.135,-3.588,15,A,2PVE
20.474,-34.829,35.447,-23.106,1.742,20,A,2PVE
-28.434,38.176,-32.227,14.955,8.037,26,A,2PVE
-30.431,40.136,-34.278,15.759,8.429,34,A,2PVE
26.687,-34.551,28.502,-12.160,-8.837,40,A,2PVE
32.752,-37.393,26.125,-4.639,-17.654,45,A,2PVE
-27.932,39.323,-35.146,18.495,5.564,7,A,2PWA
31.675,-37.079,27.696,-7.564,-15.480,18,A,2PWA
-31.291,40.680,-33.584,13.879,10.949,47,A,2PWA
15.590,-28.668,29.473,-19.537,2.768,124,A,2PWA
30.997,-39.712,31.979,-12.743,-11.252,171,A,2PWA
-17.978,24.747,-20.831,8.341,6.133,175,A,2PWA
-27.660,39.331,-34.744,18.443,5.565,204,A,2PWA
23.452,-38.223,37.832,-24.457,0.521,228,A,2PWA
-11.029,19.450,-20.079,13.720,-1.773,265,A,2PWA
-27.932,39.323,-35.146,18.495,5.564,7,A,2PWA
31.675,-37.079,27.696,-7.564,-15.480,18,A,2PWA
-31.291,40.680,-33.584,13.879,10.949,47,A,2PWA
15.590,-28.668,29.473,-19.537,2.768,124,A,2PWA
30.997,-39.712,31.979,-12.743,-11.252,171,A,2PWA
-17.978,24.747,-20.831,8.341,6.133,175,A,2PWA
-27.660,39.331,-34.744,18.443,5.565,204,A,2PWA
23.452,-38.223,37.832,-24.457,0.521,228,A,2PWA
-11.029,19.450,-20.079,13.720,-1.773,265,A,2PWA
-22.453,28.153,-23.160,8.891,8.244,6,A,2QDV
-19.920,36.273,-38.823,27.868,-5.482,10,A,2QDV
28.659,-38.788,32.826,-15.498,-8.039,33,A,2QDV
-16.693,31.276,-32.651,23.623,-4.893,52,A,2QDV
31.163,-40.009,32.911,-13.613,-11.060,70,A,2QDV
25.838,-36.968,32.852,-17.074,-4.951,94,A,2QDV
23.521,-37.342,35.628,-21.787,-0.833,96,A,2QDV
-22.453,28.153,-23.160,8.891,8.244,6,A,2QDV
-19.920,36.273,-38.823,27.868,-5.482,10,A,2QDV
28.659,-38.788,32.826,-15.498,-8.039,33,A,2QDV
-16.693,31.276,-32.651,23.623,-4.893,52,A,2QDV
31.163,-40.009,32.911,-13.613,-11.060,70,A,2QDV
25.838,-36.968,32.852,-17.074,-4.951,94,A,2QDV
23.521,-37.342,35.628,-21.787,-0.833,96,A,2QDV
-15.188,29.296,-31.496,23.458,-5.000,70,A,2VB1
33.182,-38.095,27.493,-6.625,-16.667,79,A,2VB1
22.300,-32.623,28.791,-14.280,-4.922,70,A,2VB1
-30.679,44.271,-40.416,20.784,5.961,79,A,2VB1
None,None,None,None,None,70,A,2VB1
32.130,-38.965,29.529,-9.878,-13.715,4,A,2VXN
25.123,-34.575,29.874,-14.640,-6.629,6,A,2VXN
10.087,5.185,-18.066,25.142,-22.164,43,A,2VXN
-32.166,43.015,-36.678,17.130,9.415,49,A,2VXN
22.817,-36.831,35.384,-20.796,-1.000,58,A,2VXN
-26.578,36.920,-32.503,16.597,5.625,81,A,2VXN
7.685,-11.733,10.909,-6.202,-0.736,168,A,2VXN
-29.434,40.050,-34.787,17.189,7.365,180,A,2VXN
20.348,-32.674,30.647,-17.624,-1.214,226,A,2VXN
-27.640,39.568,-35.651,18.591,5.400,240,A,2VXN
32.130,-38.965,29.529,-9.878,-13.715,4,A,2VXN
25.123,-34.575,29.874,-14.640,-6.629,6,A,2VXN
10.087,5.185,-18.066,25.142,-22.164,43,A,2VXN
-32.166,43.015,-36.678,17.130,9.415,49,A,2VXN
22.817,-36.831,35.384,-20.796,-1.000,58,A,2VXN
-26.578,36.920,-32.503,16.597,5.625,81,A,2VXN
7.685,-11.733,10.909,-6.202,-0.736,168,A,2VXN
-29.434,40.050,-34.787,17.189,7.365,180,A,2VXN
20.348,-32.674,30.647,-17.624,-1.214,226,A,2VXN
-27.640,39.568,-35.651,18.591,5.400,240,A,2VXN
5.479,0.778,-6.611,10.397,-10.045,8,A,2WFI
-29.298,40.357,-34.551,16.694,7.364,20,A,2WFI
22.743,-37.232,36.664,-23.235,0.457,34,A,2WFI
-27.391,40.071,-35.545,18.482,5.851,57,A,2WFI
-22.522,35.742,-34.305,20.914,0.877,130,A,2WFI
21.295,-38.369,39.061,-26.534,3.210,132,A,2WFI
-29.887,40.357,-34.641,16.183,8.376,165,A,2WFI
5.479,0.778,-6.611,10.397,-10.045,8,A,2WFI
-29.298,40.357,-34.551,16.694,7.364,20,A,2WFI
15.636,-29.173,30.921,-22.212,4.387,34,A,2WFI
-27.391,40.071,-35.545,18.482,5.851,57,A,2WFI
-22.522,35.742,-34.305,20.914,0.877,130,A,2WFI
21.295,-38.369,39.061,-26.534,3.210,132,A,2WFI
-29.887,40.357,-34.641,16.183,8.376,165,A,2WFI
5.479,0.778,-6.611,10.397,-10.045,8,A,2WFI
-29.298,40.357,-34.551,16.694,7.364,20,A,2WFI
-27.391,40.071,-35.545,18.482,5.851,57,A,2WFI
-22.522,35.742,-34.305,20.914,0.877,130,A,2WFI
21.295,-38.369,39.061,-26.534,3.210,132,A,2WFI
-29.887,40.357,-34.641,16.183,8.376,165,A,2WFI
11.405,-17.884,16.492,-8.440,-1.637,2,A,2XU3
-28.042,40.270,-36.243,18.625,6.102,15,A,2XU3
-22.789,29.140,-22.549,6.883,9.624,59,A,2XU3
-11.102,19.726,-19.784,12.303,-1.050,90,A,2XU3
19.870,-29.793,26.982,-14.267,-3.432,102,A,2XU3
13.853,-21.803,20.359,-11.241,-1.112,116,A,2XU3
-28.547,38.410,-32.987,15.346,8.365,131,A,2XU3
-27.202,34.663,-28.061,10.989,10.078,154,A,2XU3
33.686,-36.276,24.557,-3.178,-18.665,218,A,2XU3
11.405,-17.884,16.492,-8.440,-1.637,2,A,2XU3
-28.042,40.270,-36.243,18.625,6.102,15,A,2XU3
-22.789,29.140,-22.549,6.883,9.624,59,A,2XU3
-11.102,19.726,-19.784,12.303,-1.050,90,A,2XU3
19.870,-29.793,26.982,-14.267,-3.432,102,A,2XU3
13.853,-21.803,20.359,-11.241,-1.112,116,A,2XU3
-28.547,38.410,-32.987,15.346,8.365,131,A,2XU3
-27.202,34.663,-28.061,10.989,10.078,154,A,2XU3
33.686,-36.276,24.557,-3.178,-18.665,218,A,2XU3
20.687,-21.833,15.940,-3.025,-11.112,152,A,3G21
30.574,-39.259,31.363,-11.002,-12.126,160,A,3G21
7.268,-12.578,12.504,-7.666,0.443,181,A,3G21
-31.509,40.201,-32.150,11.933,12.557,182,A,3G21
4.812,-11.407,13.005,-9.827,3.422,187,A,3G21
-28.517,37.355,-31.104,12.265,10.370,199,A,3G21
29.763,-35.213,24.920,-5.902,-14.425,209,A,3G21
-28.510,38.290,-32.065,14.138,9.435,215,A,3G21
20.687,-21.833,15.940,-3.025,-11.112,152,A,3G21
19.284,-28.493,25.857,-13.677,-3.290,160,A,3G21
-21.140,33.980,-32.276,19.478,0.798,181,A,3G21
-31.509,40.201,-32.150,11.933,12.557,182,A,3G21
4.812,-11.407,13.005,-9.827,3.422,187,A,3G21
-28.517,37.355,-31.104,12.265,10.370,199,A,3G21
29.763,-35.213,24.920,-5.902,-14.425,209,A,3G21
-28.510,38.290,-32.065,14.138,9.435,215,A,3G21
-33.066,42.218,-34.455,14.261,11.620,14,A,3IP0
-17.602,26.953,-25.170,14.175,1.661,29,A,3IP0
-21.275,31.241,-28.184,15.357,3.259,43,A,3IP0
-20.307,31.049,-28.788,15.691,2.497,44,A,3IP0
-23.568,30.806,-25.528,10.907,7.666,47,A,3IP0
-23.949,38.688,-38.200,24.271,-0.491,51,A,3IP0
-26.413,33.467,-26.782,10.192,9.940,66,A,3IP0
24.799,-36.951,34.511,-19.857,-3.012,91,A,3IP0
-29.453,39.243,-32.717,14.125,9.821,114,A,3IP0
-22.360,36.092,-35.000,22.333,0.367,127,A,3IP0
21.680,-37.139,37.280,-24.382,1.746,133,A,3IP0
-30.300,38.832,-31.502,12.310,11.180,138,A,3IP0
-33.066,42.218,-34.455,14.261,11.620,14,A,3IP0
-17.602,26.953,-25.170,14.175,1.661,29,A,3IP0
16.485,-14.113,5.727,5.578,-13.584,43,A,3IP0
-20.307,31.049,-28.788,15.691,2.497,44,A,3IP0
-23.568,30.806,-25.528,10.907,7.666,47,A,3IP0
-23.949,38.688,-38.200,24.271,-0.491,51,A,3IP0
-26.413,33.467,-26.782,10.192,9.940,66,A,3IP0
24.799,-36.951,34.511,-19.857,-3.012,91,A,3IP0
-29.453,39.243,-32.717,14.125,9.821,114,A,3IP0
-22.360,36.092,-35.000,22.333,0.367,127,A,3IP0
21.680,-37.139,37.280,-24.382,1.746,133,A,3IP0
-30.300,38.832,-31.502,12.310,11.180,138,A,3IP0
-32.583,37.319,-26.588,6.569,15.899,13,A,3K34
17.138,-32.910,34.531,-22.603,4.972,21,A,3K34
37.145,-40.610,27.747,-4.146,-20.851,30,A,3K34
16.486,-17.396,10.872,0.447,-9.843,42,A,3K34
-26.388,38.518,-33.947,15.621,6.817,46,A,3K34
33.720,-38.572,26.545,-5.106,-17.264,83,A,3K34
5.078,-9.130,8.879,-5.260,0.274,138,A,3K34
-27.620,39.624,-35.116,19.285,5.090,155,A,3K34
31.220,-41.597,35.059,-15.958,-9.556,181,A,3K34
35.806,-39.973,27.112,-3.637,-20.745,186,A,3K34
27.865,-33.182,24.534,-6.474,-13.240,195,A,3K34
-32.896,42.721,-34.562,14.245,11.550,201,A,3K34
31.649,-37.499,28.203,-8.448,-13.549,202,A,3K34
30.006,-38.546,31.919,-13.152,-10.644,215,A,3K34
-31.207,41.638,-39.580,20.594,9.523,237,A,3K34
26.889,-36.257,30.523,-13.635,-7.334,247,A,3K34
-27.894,38.178,-33.074,16.094,7.467,250,A,3K34
-32.583,37.319,-26.588,6.569,15.899,13,A,3K34
17.138,-32.910,34.531,-22.603,4.972,21,A,3K34
37.145,-40.610,27.747,-4.146,-20.851,30,A,3K34
16.486,-17.396,10.872,0.447,-9.843,42,A,3K34
-26.388,38.518,-33.947,15.621,6.817,46,A,3K34
33.720,-38.572,26.545,-5.106,-17.264,83,A,3K34
5.078,-9.130,8.879,-5.260,0.274,138,A,3K34
-27.620,39.624,-35.116,19.285,5.090,155,A,3K34
31.220,-41.597,35.059,-15.958,-9.556,181,A,3K34
35.806,-39.973,27.112,-3.637,-20.745,186,A,3K34
27.865,-33.182,24.534,-6.474,-13.240,195,A,3K34
-32.896,42.721,-34.562,14.245,11.550,201,A,3K34
31.649,-37.499,28.203,-8.448,-13.549,202,A,3K34
30.006,-38.546,31.919,-13.152,-10.644,215,A,3K34
-31.207,41.638,-39.580,20.594,9.523,237,A,3K34
26.889,-36.257,30.523,-13.635,-7.334,247,A,3K34
-27.894,38.178,-33.074,16.094,7.467,250,A,3K34
28.119,-39.320,34.763,-18.182,-6.337,5,A,3NIR
22.487,-32.219,29.245,-14.886,-4.711,19,A,3NIR
-31.862,38.038,-29.887,9.448,14.074,22,A,3NIR
27.797,-36.880,29.959,-12.055,-9.932,36,A,3NIR
32.320,-39.038,29.379,-9.314,-15.213,41,A,3NIR
28.119,-39.320,34.763,-18.182,-6.337,5,A,3NIR
2.964,4.732,-10.186,13.298,-10.408,19,A,3NIR
27.797,-36.880,29.959,-12.055,-9.932,36,A,3NIR
32.320,-39.038,29.379,-9.314,-15.213,41,A,3NIR
28.119,-39.320,34.763,-18.182,-6.337,5,A,3NIR
27.797,-36.880,29.959,-12.055,-9.932,36,A,3NIR
32.320,-39.038,29.379,-9.314,-15.213,41,A,3NIR
-25.174,39.784,-37.855,22.025,2.353,4,A,3O4P
19.593,-23.615,16.735,-3.011,-10.774,8,A,3O4P
-33.652,41.603,-32.421,11.010,14.422,18,A,3O4P
27.489,-35.815,29.491,-12.714,-9.237,23,A,3O4P
13.128,-28.888,32.952,-25.785,7.809,36,A,3O4P
-7.949,10.333,-8.089,2.463,3.188,44,A,3O4P
25.713,-38.461,34.891,-19.388,-3.521,64,A,3O4P
24.409,-36.547,33.550,-18.641,-3.716,73,A,3O4P
31.872,-36.724,27.362,-7.635,-15.316,135,A,3O4P
35.867,-43.857,34.694,-12.535,-14.793,141,A,3O4P
30.310,-36.990,29.012,-10.259,-12.903,174,A,3O4P
-7.699,16.591,-18.331,13.107,-3.677,187,A,3O4P
26.470,-39.095,35.473,-20.047,-4.136,196,A,3O4P
-32.628,41.159,-32.032,12.013,13.186,208,A,3O4P
-23.700,32.217,-28.946,14.452,5.106,221,A,3O4P
-30.900,42.704,-39.300,23.402,5.034,254,A,3O4P
-23.880,33.492,-29.559,15.539,4.923,259,A,3O4P
35.574,-41.155,29.825,-7.379,-17.695,266,A,3O4P
28.609,-37.711,31.997,-14.616,-8.829,270,A,3O4P
-33.910,41.803,-33.690,12.024,13.457,277,A,3O4P
-25.174,39.784,-37.855,22.025,2.353,4,A,3O4P
19.593,-23.615,16.735,-3.011,-10.774,8,A,3O4P
-33.652,41.603,-32.421,11.010,14.422,18,A,3O4P
27.489,-35.815,29.491,-12.714,-9.237,23,A,3O4P
13.128,-28.888,32.952,-25.785,7.809,36,A,3O4P
-7.949,10.333,-8.089,2.463,3.188,44,A,3O4P
25.713,-38.461,34.891,-19.388,-3.521,64,A,3O4P
24.409,-36.547,33.550,-18.641,-3.716,73,A,3O4P
31.872,-36.724,27.362,-7.635,-15.316,135,A,3O4P
35.867,-43.857,34.694,-12.535,-14.793,141,A,3O4P
30.310,-36.990,29.012,-10.259,-12.903,174,A,3O4P
-7.699,16.591,-18.331,13.107,-3.677,187,A,3O4P
26.470,-39.095,35.473,-20.047,-4.136,196,A,3O4P
-32.628,41.159,-32.032,12.013,13.186,208,A,3O4P
-23.700,32.217,-28.946,14.452,5.106,221,A,3O4P
-30.900,42.704,-39.300,23.402,5.034,254,A,3O4P
-23.880,33.492,-29.559,15.539,4.923,259,A,3O4P
35.574,-41.155,29.825,-7.379,-17.695,266,A,3O4P
28.609,-37.711,31.997,-14.616,-8.829,270,A,3O4P
-33.910,41.803,-33.690,12.024,13.457,277,A,3O4P
-25.174,39.784,-37.855,22.025,2.353,4,A,3O4P
19.593,-23.615,16.735,-3.011,-10.774,8,A,3O4P
-33.652,41.603,-32.421,11.010,14.422,18,A,3O4P
27.489,-35.815,29.491,-12.714,-9.237,23,A,3O4P
13.128,-28.888,32.952,-25.785,7.809,36,A,3O4P
-7.949,10.333,-8.089,2.463,3.188,44,A,3O4P
25.713,-38.461,34.891,-19.388,-3.521,64,A,3O4P
24.409,-36.547,33.550,-18.641,-3.716,73,A,3O4P
31.872,-36.724,27.362,-7.635,-15.316,135,A,3O4P
35.867,-43.857,34.694,-12.535,-14.793,141,A,3O4P
30.310,-36.990,29.012,-10.259,-12.903,174,A,3O4P
-7.699,16.591,-18.331,13.107,-3.677,187,A,3O4P
26.470,-39.095,35.473,-20.047,-4.136,196,A,3O4P
-32.628,41.159,-32.032,12.013,13.186,208,A,3O4P
-23.700,32.217,-28.946,14.452,5.106,221,A,3O4P
-30.900,42.704,-39.300,23.402,5.034,254,A,3O4P
-23.880,33.492,-29.559,15.539,4.923,259,A,3O4P
35.574,-41.155,29.825,-7.379,-17.695,266,A,3O4P
28.609,-37.711,31.997,-14.616,-8.829,270,A,3O4P
-33.910,41.803,-33.690,12.024,13.457,277,A,3O4P
-25.174,39.784,-37.855,22.025,2.353,4,A,3O4P
19.593,-23.615,16.735,-3.011,-10.774,8,A,3O4P
-33.652,41.603,-32.421,11.010,14.422,18,A,3O4P
27.489,-35.815,29.491,-12.714,-9.237,23,A,3O4P
13.128,-28.888,32.952,-25.785,7.809,36,A,3O4P
-7.949,10.333,-8.089,2.463,3.188,44,A,3O4P
25.713,-38.461,34.891,-19.388,-3.521,64,A,3O4P
24.409,-36.547,33.550,-18.641,-3.716,73,A,3O4P
31.872,-36.724,27.362,-7.635,-15.316,135,A,3O4P
35.867,-43.857,34.694,-12.535,-14.793,141,A,3O4P
30.310,-36.990,29.012,-10.259,-12.903,174,A,3O4P
-7.699,16.591,-18.331,13.107,-3.677,187,A,3O4P
26.470,-39.095,35.473,-20.047,-4.136,196,A,3O4P
-32.628,41.159,-32.032,12.013,13.186,208,A,3O4P
-23.700,32.217,-28.946,14.452,5.106,221,A,3O4P
-30.900,42.704,-39.300,23.402,5.034,254,A,3O4P
-23.880,33.492,-29.559,15.539,4.923,259,A,3O4P
35.574,-41.155,29.825,-7.379,-17.695,266,A,3O4P
28.609,-37.711,31.997,-14.616,-8.829,270,A,3O4P
-33.910,41.803,-33.690,12.024,13.457,277,A,3O4P
28.652,-38.078,31.886,-14.125,-9.124,16,A,3Q8J
30.697,-38.302,30.598,-11.922,-12.742,19,A,3Q8J
30.312,-38.543,30.975,-13.102,-10.502,27,A,3Q8J
34.130,-40.543,30.285,-7.573,-16.601,30,A,3Q8J
-26.211,39.093,-35.909,20.063,3.965,53,A,3QPA
-36.828,44.016,-33.748,10.598,16.436,87,A,3QPA
-15.842,22.626,-19.811,9.679,3.693,110,A,3QPA
-27.762,38.714,-33.855,16.583,6.816,160,A,3QPA
21.403,-29.986,26.270,-12.117,-5.341,163,A,3QPA
-26.913,39.033,-35.267,18.812,5.054,187,A,3QPA
-30.738,39.775,-32.820,13.770,10.530,193,A,3QPA
22.313,-37.405,37.095,-23.838,1.211,198,A,3QPA
19.531,-32.974,33.226,-22.013,1.537,200,A,3QPA
-26.211,39.093,-35.909,20.063,3.965,53,A,3QPA
-36.828,44.016,-33.748,10.598,16.436,87,A,3QPA
-15.842,22.626,-19.811,9.679,3.693,110,A,3QPA
-27.762,38.714,-33.855,16.583,6.816,160,A,3QPA
21.403,-29.986,26.270,-12.117,-5.341,163,A,3QPA
-26.913,39.033,-35.267,18.812,5.054,187,A,3QPA
-30.738,39.775,-32.820,13.770,10.530,193,A,3QPA
22.313,-37.405,37.095,-23.838,1.211,198,A,3QPA
19.531,-32.974,33.226,-22.013,1.537,200,A,3QPA
-26.211,39.093,-35.909,20.063,3.965,53,A,3QPA
-36.828,44.016,-33.748,10.598,16.436,87,A,3QPA
-15.842,22.626,-19.811,9.679,3.693,110,A,3QPA
-27.762,38.714,-33.855,16.583,6.816,160,A,3QPA
21.403,-29.986,26.270,-12.117,-5.341,163,A,3QPA
-26.913,39.033,-35.267,18.812,5.054,187,A,3QPA
-30.738,39.775,-32.820,13.770,10.530,193,A,3QPA
22.313,-37.405,37.095,-23.838,1.211,198,A,3QPA
19.531,-32.974,33.226,-22.013,1.537,200,A,3QPA
-25.110,37.046,-33.799,18.300,4.318,93,A,3UI4
31.214,-36.745,28.056,-8.222,-14.317,102,A,3UI4
29.858,-39.619,33.084,-15.100,-9.217,109,A,3UI4
30.816,-40.738,34.378,-15.761,-9.612,114,A,3UI4
-26.018,38.503,-35.905,20.827,3.180,115,A,3UI4
-25.110,37.046,-33.799,18.300,4.318,93,A,3UI4
31.214,-36.745,28.056,-8.222,-14.317,102,A,3UI4
32.776,-40.260,33.482,-13.114,-11.771,109,A,3UI4
30.816,-40.738,34.378,-15.761,-9.612,114,A,3UI4
-26.018,38.503,-35.905,20.827,3.180,115,A,3UI4
-25.110,37.046,-33.799,18.300,4.318,93,A,3UI4
31.214,-36.745,28.056,-8.222,-14.317,102,A,3UI4
30.816,-40.738,34.378,-15.761,-9.612,114,A,3UI4
-26.018,38.503,-35.905,20.827,3.180,115,A,3UI4
22.292,-33.274,30.389,-16.413,-3.204,32,A,3VOR
38.708,-42.098,29.193,-4.624,-21.303,37,A,3VOR
-31.575,40.174,-32.378,12.836,11.792,65,A,3VOR
33.800,-40.609,31.327,-10.452,-14.880,126,A,3VOR
22.292,-33.274,30.389,-16.413,-3.204,32,A,3VOR
38.708,-42.098,29.193,-4.624,-21.303,37,A,3VOR
-31.575,40.174,-32.378,12.836,11.792,65,A,3VOR
33.800,-40.609,31.327,-10.452,-14.880,126,A,3VOR
22.292,-33.274,30.389,-16.413,-3.204,32,A,3VOR
38.708,-42.098,29.193,-4.624,-21.303,37,A,3VOR
-31.575,40.174,-32.378,12.836,11.792,65,A,3VOR
33.800,-40.609,31.327,-10.452,-14.880,126,A,3VOR
32.598,-39.023,29.261,-8.739,-14.568,40,A,3WDN
30.906,-34.519,22.821,-2.193,-18.354,67,A,3WDN
23.409,-36.747,35.027,-21.008,-1.456,83,A,3WDN
-30.035,39.547,-33.928,13.947,10.309,104,A,3WDN
32.598,-39.023,29.261,-8.739,-14.568,40,A,3WDN
-23.436,31.887,-28.749,17.341,2.956,67,A,3WDN
23.409,-36.747,35.027,-21.008,-1.456,83,A,3WDN
-30.035,39.547,-33.928,13.947,10.309,104,A,3WDN
32.598,-39.023,29.261,-8.739,-14.568,40,A,3WDN
None,None,None,None,None,67,A,3WDN
23.409,-36.747,35.027,-21.008,-1.456,83,A,3WDN
-30.035,39.547,-33.928,13.947,10.309,104,A,3WDN
37.311,-38.729,24.609,-0.841,-22.801,24,A,3X2M
-30.447,38.139,-30.301,11.103,12.026,46,A,3X2M
28.942,-37.711,31.238,-13.202,-9.617,66,A,3X2M
25.648,-36.287,32.012,-16.460,-5.607,69,A,3X2M
29.578,-36.762,28.898,-10.088,-12.015,74,A,3X2M
29.537,-36.858,29.024,-10.192,-11.968,88,A,3X2M
28.046,-35.290,27.730,-9.740,-11.327,103,A,3X2M
26.803,-33.787,26.779,-9.896,-10.603,110,A,3X2M
-20.229,32.880,-31.893,19.817,0.024,127,A,3X2M
-19.664,34.460,-35.395,24.031,-2.819,165,A,3X2M
31.623,-36.720,27.023,-7.191,-15.249,168,A,3X2M
26.986,-34.868,28.281,-11.266,-9.800,179,A,3X2M
37.311,-38.729,24.609,-0.841,-22.801,24,A,3X2M
-30.447,38.139,-30.301,11.103,12.026,46,A,3X2M
28.942,-37.711,31.238,-13.202,-9.617,66,A,3X2M
-25.231,32.877,-26.948,10.975,8.710,69,A,3X2M
29.578,-36.762,28.898,-10.088,-12.015,74,A,3X2M
29.562,-37.890,30.723,-11.977,-10.779,88,A,3X2M
-24.262,36.697,-34.065,19.283,2.946,103,A,3X2M
26.803,-33.787,26.779,-9.896,-10.603,110,A,3X2M
-20.229,32.880,-31.893,19.817,0.024,127,A,3X2M
-19.664,34.460,-35.395,24.031,-2.819,165,A,3X2M
31.623,-36.720,27.023,-7.191,-15.249,168,A,3X2M
26.986,-34.868,28.281,-11.266,-9.800,179,A,3X2M
37.311,-38.729,24.609,-0.841,-22.801,24,A,3X2M
-30.447,38.139,-30.301,11.103,12.026,46,A,3X2M
28.942,-37.711,31.238,-13.202,-9.617,66,A,3X2M
29.578,-36.762,28.898,-10.088,-12.015,74,A,3X2M
None,None,None,None,None,88,A,3X2M
26.803,-33.787,26.779,-9.896,-10.603,110,A,3X2M
-20.229,32.880,-31.893,19.817,0.024,127,A,3X2M
-19.664,34.460,-35.395,24.031,-2.819,165,A,3X2M
31.623,-36.720,27.023,-7.191,-15.249,168,A,3X2M
26.986,-34.868,28.281,-11.266,-9.800,179,A,3X2M
-30.775,40.104,-33.348,14.313,9.017,45,A,3X34
6.410,-16.117,18.536,-14.392,5.285,86,A,3X34
-30.775,40.104,-33.348,14.313,9.017,45,A,3X34
1.436,-0.496,-0.668,1.662,-1.956,86,A,3X34
-26.312,33.188,-26.061,8.131,11.101,17,A,3ZOJ
-31.538,40.624,-33.508,14.213,10.771,21,A,3ZOJ
26.090,-35.400,30.385,-14.215,-7.483,29,A,3ZOJ
-25.627,34.357,-29.124,13.000,7.711,73,A,3ZOJ
15.379,-23.113,21.035,-11.918,-1.868,76,A,3ZOJ
-33.634,39.907,-29.959,9.164,15.274,82,A,3ZOJ
-29.453,36.848,-29.375,11.374,11.124,113,A,3ZOJ
7.508,-3.123,-2.674,7.756,-9.676,126,A,3ZOJ
6.837,-17.565,20.129,-15.139,5.395,127,A,3ZOJ
27.482,-30.565,20.734,-2.624,-15.094,153,A,3ZOJ
-28.381,39.795,-34.900,17.776,6.647,201,A,3ZOJ
-32.810,40.433,-31.100,10.684,13.599,225,A,3ZOJ
-28.768,40.957,-36.654,19.156,6.030,231,A,3ZOJ
18.338,-22.825,17.654,-5.160,-8.113,239,A,3ZOJ
-29.703,41.304,-36.021,18.093,7.502,249,A,3ZOJ
-29.134,35.363,-26.636,7.745,12.676,273,A,3ZOJ
-26.312,33.188,-26.061,8.131,11.101,17,A,3ZOJ
-31.538,40.624,-33.508,14.213,10.771,21,A,3ZOJ
26.090,-35.400,30.385,-14.215,-7.483,29,A,3ZOJ
-25.627,34.357,-29.124,13.000,7.711,73,A,3ZOJ
15.379,-23.113,21.035,-11.918,-1.868,76,A,3ZOJ
-33.634,39.907,-29.959,9.164,15.274,82,A,3ZOJ
-29.453,36.848,-29.375,11.374,11.124,113,A,3ZOJ
7.508,-3.123,-2.674,7.756,-9.676,126,A,3ZOJ
6.837,-17.565,20.129,-15.139,5.395,127,A,3ZOJ
27.482,-30.565,20.734,-2.624,-15.094,153,A,3ZOJ
-28.381,39.795,-34.900,17.776,6.647,201,A,3ZOJ
-32.810,40.433,-31.100,10.684,13.599,225,A,3ZOJ
-28.768,40.957,-36.654,19.156,6.030,231,A,3ZOJ
18.338,-22.825,17.654,-5.160,-8.113,239,A,3ZOJ
-29.703,41.304,-36.021,18.093,7.502,249,A,3ZOJ
-29.134,35.363,-26.636,7.745,12.676,273,A,3ZOJ
-26.312,33.188,-26.061,8.131,11.101,17,A,3ZOJ
-31.538,40.624,-33.508,14.213,10.771,21,A,3ZOJ
26.090,-35.400,30.385,-14.215,-7.483,29,A,3ZOJ
-25.627,34.357,-29.124,13.000,7.711,73,A,3ZOJ
15.379,-23.113,21.035,-11.918,-1.868,76,A,3ZOJ
-33.634,39.907,-29.959,9.164,15.274,82,A,3ZOJ
-29.453,36.848,-29.375,11.374,11.124,113,A,3ZOJ
7.508,-3.123,-2.674,7.756,-9.676,126,A,3ZOJ
6.837,-17.565,20.129,-15.139,5.395,127,A,3ZOJ
27.482,-30.565,20.734,-2.624,-15.094,153,A,3ZOJ
-28.381,39.795,-34.900,17.776,6.647,201,A,3ZOJ
-32.810,40.433,-31.100,10.684,13.599,225,A,3ZOJ
-28.768,40.957,-36.654,19.156,6.030,231,A,3ZOJ
18.338,-22.825,17.654,-5.160,-8.113,239,A,3ZOJ
-29.703,41.304,-36.021,18.093,7.502,249,A,3ZOJ
-29.134,35.363,-26.636,7.745,12.676,273,A,3ZOJ
-25.624,28.978,-20.915,4.838,12.528,5,A,3ZQV
-24.400,36.769,-34.490,20.153,2.489,28,A,3ZQV
8.957,-12.246,10.104,-3.691,-2.972,35,A,3ZQV
-26.819,37.444,-32.787,16.189,6.376,55,A,3ZQV
56.981,-65.703,40.170,-0.753,-25.156,61,A,3ZQV
18.560,-32.702,33.215,-21.450,2.336,70,A,3ZQV
14.038,-32.141,34.450,-23.070,2.040,5,A,3ZQV
-24.400,36.769,-34.490,20.153,2.489,28,A,3ZQV
8.957,-12.246,10.104,-3.691,-2.972,35,A,3ZQV
-26.819,37.444,-32.787,16.189,6.376,55,A,3ZQV
-5.572,3.315,0.336,-4.383,6.405,61,A,3ZQV
18.560,-32.702,33.215,-21.450,2.336,70,A,3ZQV
None,None,None,None,None,5,A,3ZQV
-24.400,36.769,-34.490,20.153,2.489,28,A,3ZQV
8.957,-12.246,10.104,-3.691,-2.972,35,A,3ZQV
-26.819,37.444,-32.787,16.189,6.376,55,A,3ZQV
18.560,-32.702,33.215,-21.450,2.336,70,A,3ZQV
-29.387,39.332,-32.179,14.521,9.693,69,X,3ZR8
-29.009,34.954,-27.282,8.982,11.923,86,X,3ZR8
-29.387,39.332,-32.179,14.521,9.693,69,X,3ZR8
-29.009,34.954,-27.282,8.982,11.923,86,X,3ZR8
-29.387,39.332,-32.179,14.521,9.693,69,X,3ZR8
-29.009,34.954,-27.282,8.982,11.923,86,X,3ZR8
None,None,None,None,None,113,A,3ZSJ
-25.699,40.064,-37.220,21.632,2.024,117,A,3ZSJ
-19.301,32.978,-33.781,23.125,-2.474,121,A,3ZSJ
-23.926,37.528,-35.764,21.739,1.099,123,A,3ZSJ
-30.667,43.181,-37.614,18.832,7.327,128,A,3ZSJ
14.591,-27.973,30.777,-22.487,5.230,140,A,3ZSJ
-25.140,38.634,-35.812,21.361,2.251,161,A,3ZSJ
31.211,-39.156,29.402,-9.327,-13.448,191,A,3ZSJ
24.406,-32.272,26.592,-10.106,-8.700,197,A,3ZSJ
-30.680,40.805,-33.556,14.741,9.963,206,A,3ZSJ
None,None,None,None,None,113,A,3ZSJ
30.181,-43.033,37.657,-19.228,-6.413,117,A,3ZSJ
-19.301,32.978,-33.781,23.125,-2.474,121,A,3ZSJ
-23.926,37.528,-35.764,21.739,1.099,123,A,3ZSJ
-30.667,43.181,-37.614,18.832,7.327,128,A,3ZSJ
-4.630,12.093,-14.264,12.067,-4.769,140,A,3ZSJ
-25.140,38.634,-35.812,21.361,2.251,161,A,3ZSJ
31.211,-39.156,29.402,-9.327,-13.448,191,A,3ZSJ
24.406,-32.272,26.592,-10.106,-8.700,197,A,3ZSJ
-30.680,40.805,-33.556,14.741,9.963,206,A,3ZSJ
-10.088,10.953,-7.043,0.201,6.052,5,A,3ZTM
-22.684,35.327,-33.482,19.969,1.821,28,A,3ZTM
18.688,-25.742,21.433,-9.064,-6.059,35,A,3ZTM
-27.364,37.023,-31.547,14.663,7.734,55,A,3ZTM
-38.723,51.606,-41.611,19.281,12.058,61,A,3ZTM
22.301,-35.388,33.576,-19.702,-1.149,70,A,3ZTM
-10.088,10.953,-7.043,0.201,6.052,5,A,3ZTM
-22.684,35.327,-33.482,19.969,1.821,28,A,3ZTM
18.688,-25.742,21.433,-9.064,-6.059,35,A,3ZTM
-27.364,37.023,-31.547,14.663,7.734,55,A,3ZTM
28.474,-36.938,28.593,-10.374,-11.439,61,A,3ZTM
6.545,-13.940,15.651,-11.825,3.513,70,A,3ZTM
-10.088,10.953,-7.043,0.201,6.052,5,A,3ZTM
-22.684,35.327,-33.482,19.969,1.821,28,A,3ZTM
18.688,-25.742,21.433,-9.064,-6.059,35,A,3ZTM
-27.364,37.023,-31.547,14.663,7.734,55,A,3ZTM
-12.282,26.467,-29.383,22.340,-6.531,30,A,4AYP
34.603,-40.087,29.437,-7.341,-17.154,63,A,4AYP
-25.960,34.377,-28.722,12.300,8.462,140,A,4AYP
26.031,-37.240,33.657,-17.867,-4.606,161,A,4AYP
25.257,-34.636,29.937,-14.555,-6.550,165,A,4AYP
36.128,-33.382,17.294,6.395,-26.610,179,A,4AYP
29.639,-38.360,31.523,-13.001,-10.300,293,A,4AYP
-25.700,36.540,-32.989,17.262,5.140,345,A,4AYP
-19.523,32.723,-32.833,20.872,-1.192,355,A,4AYP
38.226,-42.274,29.433,-5.482,-20.102,364,A,4AYP
21.742,-35.098,34.564,-21.939,0.210,367,A,4AYP
-9.629,14.079,-12.612,6.192,1.939,380,A,4AYP
-18.684,33.220,-34.008,22.852,-2.827,413,A,4AYP
25.023,-30.064,22.339,-6.126,-11.864,421,A,4AYP
29.112,-37.406,30.926,-12.098,-10.349,440,A,4AYP
-12.282,26.467,-29.383,22.340,-6.531,30,A,4AYP
34.603,-40.087,29.437,-7.341,-17.154,63,A,4AYP
19.142,-31.307,30.586,-18.392,-0.273,140,A,4AYP
26.031,-37.240,33.657,-17.867,-4.606,161,A,4AYP
25.257,-34.636,29.937,-14.555,-6.550,165,A,4AYP
36.128,-33.382,17.294,6.395,-26.610,179,A,4AYP
29.639,-38.360,31.523,-13.001,-10.300,293,A,4AYP
-25.700,36.540,-32.989,17.262,5.140,345,A,4AYP
-19.523,32.723,-32.833,20.872,-1.192,355,A,4AYP
38.226,-42.274,29.433,-5.482,-20.102,364,A,4AYP
21.742,-35.098,34.564,-21.939,0.210,367,A,4AYP
-9.629,14.079,-12.612,6.192,1.939,380,A,4AYP
22.387,-33.321,30.572,-16.915,-3.214,413,A,4AYP
-21.472,31.612,-28.986,15.560,3.490,421,A,4AYP
29.112,-37.406,30.926,-12.098,-10.349,440,A,4AYP
-12.282,26.467,-29.383,22.340,-6.531,30,A,4AYP
34.603,-40.087,29.437,-7.341,-17.154,63,A,4AYP
None,None,None,None,None,140,A,4AYP
26.031,-37.240,33.657,-17.867,-4.606,161,A,4AYP
25.257,-34.636,29.937,-14.555,-6.550,165,A,4AYP
36.128,-33.382,17.294,6.395,-26.610,179,A,4AYP
29.639,-38.360,31.523,-13.001,-10.300,293,A,4AYP
-25.700,36.540,-32.989,17.262,5.140,345,A,4AYP
-19.523,32.723,-32.833,20.872,-1.192,355,A,4AYP
38.226,-42.274,29.433,-5.482,-20.102,364,A,4AYP
21.742,-35.098,34.564,-21.939,0.210,367,A,4AYP
-9.629,14.079,-12.612,6.192,1.939,380,A,4AYP
None,None,None,None,None,413,A,4AYP
None,None,None,None,None,421,A,4AYP
29.112,-37.406,30.926,-12.098,-10.349,440,A,4AYP
19.624,-28.810,25.681,-13.380,-3.896,9,A,4CE8
-19.936,28.470,-24.791,11.576,4.990,73,A,4CE8
33.954,-37.285,25.870,-4.181,-18.211,112,A,4CE8
-23.391,34.383,-30.841,16.600,4.440,9,B,4CE8
-26.406,36.305,-31.317,14.868,7.006,73,B,4CE8
31.534,-35.625,25.409,-5.145,-15.846,112,B,4CE8
24.854,-36.014,32.349,-17.361,-4.760,9,C,4CE8
-22.762,34.417,-31.855,17.771,2.999,73,C,4CE8
32.586,-36.543,25.894,-4.961,-17.113,112,C,4CE8
21.903,-33.799,31.627,-18.077,-2.165,9,D,4CE8
-26.368,37.234,-32.965,16.663,5.927,73,D,4CE8
33.784,-35.401,22.843,-0.851,-20.234,112,D,4CE8
19.624,-28.810,25.681,-13.380,-3.896,9,A,4CE8
19.227,-26.592,22.824,-10.477,-5.238,73,A,4CE8
33.954,-37.285,25.870,-4.181,-18.211,112,A,4CE8
-23.391,34.383,-30.841,16.600,4.440,9,B,4CE8
29.564,-33.259,23.177,-4.098,-15.891,73,B,4CE8
31.534,-35.625,25.409,-5.145,-15.846,112,B,4CE8
24.854,-36.014,32.349,-17.361,-4.760,9,C,4CE8
-22.762,34.417,-31.855,17.771,2.999,73,C,4CE8
32.586,-36.543,25.894,-4.961,-17.113,112,C,4CE8
-16.997,30.487,-31.270,20.928,-2.689,9,D,4CE8
25.416,-33.314,27.578,-11.426,-8.445,73,D,4CE8
33.784,-35.401,22.843,-0.851,-20.234,112,D,4CE8
19.624,-28.810,25.681,-13.380,-3.896,9,A,4CE8
33.954,-37.285,25.870,-4.181,-18.211,112,A,4CE8
-23.391,34.383,-30.841,16.600,4.440,9,B,4CE8
31.534,-35.625,25.409,-5.145,-15.846,112,B,4CE8
24.854,-36.014,32.349,-17.361,-4.760,9,C,4CE8
-22.762,34.417,-31.855,17.771,2.999,73,C,4CE8
32.586,-36.543,25.894,-4.961,-17.113,112,C,4CE8
33.784,-35.401,22.843,-0.851,-20.234,112,D,4CE8
-29.084,37.324,-28.588,11.096,9.959,27,A,4EIC
26.542,-33.662,28.163,-11.829,-7.942,66,A,4EIC
-29.084,37.324,-28.588,11.096,9.959,27,A,4EIC
-8.882,22.543,-26.879,21.755,-7.942,66,A,4EIC
-28.554,38.465,-33.075,15.581,7.935,13,A,4NSV
-30.263,39.403,-32.404,13.448,10.176,83,A,4NSV
17.215,-31.004,31.915,-21.404,2.824,125,A,4NSV
27.883,-33.690,25.811,-8.171,-12.407,150,A,4NSV
-27.255,38.831,-34.528,17.742,6.088,191,A,4NSV
30.551,-38.587,31.091,-12.056,-11.722,197,A,4NSV
-28.462,39.731,-34.745,16.935,7.086,201,A,4NSV
26.833,-38.047,33.061,-16.782,-6.619,213,A,4NSV
-28.554,38.465,-33.075,15.581,7.935,13,A,4NSV
-30.263,39.403,-32.404,13.448,10.176,83,A,4NSV
17.215,-31.004,31.915,-21.404,2.824,125,A,4NSV
27.883,-33.690,25.811,-8.171,-12.407,150,A,4NSV
-27.255,38.831,-34.528,17.742,6.088,191,A,4NSV
30.551,-38.587,31.091,-12.056,-11.722,197,A,4NSV
-28.462,39.731,-34.745,16.935,7.086,201,A,4NSV
26.833,-38.047,33.061,-16.782,-6.619,213,A,4NSV
-32.690,39.204,-30.088,9.516,14.476,12,A,4REK
-25.984,35.060,-29.613,13.377,7.874,48,A,4REK
-24.534,36.461,-33.457,18.682,3.659,50,A,4REK
27.149,-38.352,34.069,-17.747,-5.926,61,A,4REK
-24.850,35.063,-30.718,15.604,5.828,75,A,4REK
-26.759,37.678,-32.798,16.168,6.861,91,A,4REK
28.505,-34.267,25.992,-8.096,-12.788,126,A,4REK
23.340,-36.295,34.225,-20.177,-1.734,136,A,4REK
-29.979,35.657,-27.319,8.171,13.101,149,A,4REK
-20.743,36.141,-36.765,24.618,-2.409,192,A,4REK
-28.133,36.591,-30.070,12.853,9.901,209,A,4REK
25.547,-37.019,33.465,-17.764,-4.583,308,A,4REK
35.571,-40.057,28.617,-6.190,-18.596,320,A,4REK
25.723,-35.880,31.165,-15.088,-6.431,335,A,4REK
9.805,-11.207,7.647,-0.821,-5.630,344,A,4REK
27.453,-33.243,25.509,-8.357,-11.908,364,A,4REK
32.963,-41.024,32.314,-11.496,-13.253,366,A,4REK
30.064,-37.963,30.310,-11.205,-11.679,383,A,4REK
-25.882,37.470,-33.949,18.426,4.598,408,A,4REK
26.271,-36.488,31.930,-16.048,-6.523,448,A,4REK
27.531,-33.494,25.950,-8.019,-11.673,479,A,4REK
31.957,-41.428,33.833,-13.909,-11.426,486,A,4REK
-32.690,39.204,-30.088,9.516,14.476,12,A,4REK
-23.778,27.917,-20.420,4.895,11.472,48,A,4REK
-25.245,34.470,-29.447,13.578,7.039,50,A,4REK
27.149,-38.352,34.069,-17.747,-5.926,61,A,4REK
-24.850,35.063,-30.718,15.604,5.828,75,A,4REK
-26.759,37.678,-32.798,16.168,6.861,91,A,4REK
28.505,-34.267,25.992,-8.096,-12.788,126,A,4REK
23.340,-36.295,34.225,-20.177,-1.734,136,A,4REK
-29.979,35.657,-27.319,8.171,13.101,149,A,4REK
-20.743,36.141,-36.765,24.618,-2.409,192,A,4REK
-28.133,36.591,-30.070,12.853,9.901,209,A,4REK
25.547,-37.019,33.465,-17.764,-4.583,308,A,4REK
35.571,-40.057,28.617,-6.190,-18.596,320,A,4REK
25.723,-35.880,31.165,-15.088,-6.431,335,A,4REK
-17.015,32.798,-35.126,25.793,-5.630,344,A,4REK
27.453,-33.243,25.509,-8.357,-11.908,364,A,4REK
32.963,-41.024,32.314,-11.496,-13.253,366,A,4REK
30.064,-37.963,30.310,-11.205,-11.679,383,A,4REK
-25.882,37.470,-33.949,18.426,4.598,408,A,4REK
26.271,-36.488,31.930,-16.048,-6.523,448,A,4REK
22.676,-29.659,24.183,-9.456,-8.276,479,A,4REK
31.957,-41.428,33.833,-13.909,-11.426,486,A,4REK
-32.690,39.204,-30.088,9.516,14.476,12,A,4REK
27.149,-38.352,34.069,-17.747,-5.926,61,A,4REK
-24.850,35.063,-30.718,15.604,5.828,75,A,4REK
-26.759,37.678,-32.798,16.168,6.861,91,A,4REK
28.505,-34.267,25.992,-8.096,-12.788,126,A,4REK
23.340,-36.295,34.225,-20.177,-1.734,136,A,4REK
-29.979,35.657,-27.319,8.171,13.101,149,A,4REK
-20.743,36.141,-36.765,24.618,-2.409,192,A,4REK
-28.133,36.591,-30.070,12.853,9.901,209,A,4REK
25.547,-37.019,33.465,-17.764,-4.583,308,A,4REK
35.571,-40.057,28.617,-6.190,-18.596,320,A,4REK
25.723,-35.880,31.165,-15.088,-6.431,335,A,4REK
None,None,None,None,-5.630,344,A,4REK
27.453,-33.243,25.509,-8.357,-11.908,364,A,4REK
32.963,-41.024,32.314,-11.496,-13.253,366,A,4REK
30.064,-37.963,30.310,-11.205,-11.679,383,A,4REK
-25.882,37.470,-33.949,18.426,4.598,408,A,4REK
26.271,-36.488,31.930,-16.048,-6.523,448,A,4REK
31.957,-41.428,33.833,-13.909,-11.426,486,A,4REK
31.105,-37.623,27.915,-8.284,-14.811,24,L,4U9H
29.937,-38.010,30.526,-12.059,-11.191,29,L,4U9H
-29.051,38.606,-32.647,14.825,8.679,70,L,4U9H
-24.231,37.618,-35.796,22.238,1.471,105,L,4U9H
23.534,-33.575,29.802,-14.395,-5.322,147,L,4U9H
24.280,-30.913,24.799,-8.964,-8.800,159,L,4U9H
-19.906,31.501,-30.156,17.849,0.759,185,L,4U9H
22.661,-35.213,33.367,-18.592,-2.199,196,L,4U9H
-30.463,39.905,-32.507,13.215,11.210,202,L,4U9H
-21.020,35.254,-35.660,23.369,-1.137,234,L,4U9H
-14.844,18.390,-14.050,3.818,6.443,252,L,4U9H
-29.432,39.776,-33.590,15.729,8.380,275,L,4U9H
28.173,-38.658,33.493,-16.067,-7.510,303,L,4U9H
27.848,-37.923,32.535,-14.771,-8.359,316,L,4U9H
23.950,-31.321,25.499,-10.075,-8.781,329,L,4U9H
18.297,-31.581,31.586,-19.773,1.621,352,L,4U9H
1.640,-5.007,6.094,-4.951,2.134,359,L,4U9H
-13.538,31.802,-36.947,29.522,-9.879,376,L,4U9H
30.514,-35.007,25.736,-7.078,-14.742,382,L,4U9H
-29.993,37.576,-29.777,11.345,11.968,387,L,4U9H
22.464,-35.177,33.563,-19.911,-1.376,400,L,4U9H
18.103,-29.226,27.980,-16.627,-0.625,417,L,4U9H
27.608,-35.197,28.223,-9.750,-10.605,462,L,4U9H
31.700,-35.867,25.327,-5.120,-16.970,466,L,4U9H
-31.515,42.261,-35.774,16.532,9.464,478,L,4U9H
-10.960,2.927,6.539,-14.213,15.525,501,L,4U9H
35.378,-41.277,30.111,-8.051,-17.299,508,L,4U9H
-28.966,39.255,-33.749,16.386,8.060,517,L,4U9H
30.259,-33.024,22.661,-3.280,-16.615,526,L,4U9H
33.000,-40.153,31.371,-10.479,-13.488,533,L,4U9H
-22.117,36.729,-36.406,23.388,-0.866,545,L,4U9H
29.851,-39.181,32.204,-13.479,-10.424,4,S,4U9H
26.134,-40.415,38.351,-22.973,-1.611,7,S,4U9H
30.657,-39.436,32.434,-13.768,-10.481,30,S,4U9H
26.060,-33.648,27.941,-11.287,-8.374,67,S,4U9H
1.033,6.540,-11.174,11.899,-8.312,79,S,4U9H
-26.290,39.705,-37.067,21.025,2.978,103,S,4U9H
37.623,-37.800,23.153,0.806,-24.063,125,S,4U9H
19.977,-31.678,30.143,-17.522,-0.938,127,S,4U9H
33.978,-36.480,24.590,-3.017,-19.646,151,S,4U9H
-16.607,34.978,-39.501,30.088,-8.472,152,S,4U9H
25.398,-36.823,33.239,-17.847,-4.519,154,S,4U9H
33.252,-37.489,26.307,-5.188,-17.646,171,S,4U9H
-27.328,38.202,-33.580,17.351,6.136,179,S,4U9H
-10.070,18.675,-19.380,13.130,-2.100,192,S,4U9H
-19.293,28.045,-25.124,12.723,4.051,195,S,4U9H
31.372,-39.038,30.602,-10.906,-12.598,204,S,4U9H
-30.584,40.502,-34.012,15.247,9.514,225,S,4U9H
-21.092,36.293,-37.166,24.782,-1.996,232,S,4U9H
-37.680,42.010,-29.757,6.241,19.843,242,S,4U9H
17.793,-32.870,34.291,-24.069,4.350,248,S,4U9H
21.946,-34.618,32.655,-19.013,-1.664,255,S,4U9H
-20.678,32.173,-29.975,16.469,2.482,263,S,4U9H
31.105,-37.623,27.915,-8.284,-14.811,24,L,4U9H
29.937,-38.010,30.526,-12.059,-11.191,29,L,4U9H
-29.051,38.606,-32.647,14.825,8.679,70,L,4U9H
-24.231,37.618,-35.796,22.238,1.471,105,L,4U9H
-24.029,35.625,-33.053,18.256,3.038,147,L,4U9H
24.280,-30.913,24.799,-8.964,-8.800,159,L,4U9H
26.489,-36.626,31.768,-15.033,-6.569,185,L,4U9H
22.661,-35.213,33.367,-18.592,-2.199,196,L,4U9H
-30.463,39.905,-32.507,13.215,11.210,202,L,4U9H
-21.020,35.254,-35.660,23.369,-1.137,234,L,4U9H
-14.844,18.390,-14.050,3.818,6.443,252,L,4U9H
-29.432,39.776,-33.590,15.729,8.380,275,L,4U9H
28.173,-38.658,33.493,-16.067,-7.510,303,L,4U9H
27.848,-37.923,32.535,-14.771,-8.359,316,L,4U9H
23.950,-31.321,25.499,-10.075,-8.781,329,L,4U9H
-25.996,36.871,-32.300,15.769,6.477,352,L,4U9H
1.640,-5.007,6.094,-4.951,2.134,359,L,4U9H
-13.538,31.802,-36.947,29.522,-9.879,376,L,4U9H
30.514,-35.007,25.736,-7.078,-14.742,382,L,4U9H
-29.993,37.576,-29.777,11.345,11.968,387,L,4U9H
22.464,-35.177,33.563,-19.911,-1.376,400,L,4U9H
18.103,-29.226,27.980,-16.627,-0.625,417,L,4U9H
27.608,-35.197,28.223,-9.750,-10.605,462,L,4U9H
31.700,-35.867,25.327,-5.120,-16.970,466,L,4U9H
-31.515,42.261,-35.774,16.532,9.464,478,L,4U9H
-10.960,2.927,6.539,-14.213,15.525,501,L,4U9H
35.378,-41.277,30.111,-8.051,-17.299,508,L,4U9H
-28.966,39.255,-33.749,16.386,8.060,517,L,4U9H
30.259,-33.024,22.661,-3.280,-16.615,526,L,4U9H
33.000,-40.153,31.371,-10.479,-13.488,533,L,4U9H
-22.117,36.729,-36.406,23.388,-0.866,545,L,4U9H
29.851,-39.181,32.204,-13.479,-10.424,4,S,4U9H
26.134,-40.415,38.351,-22.973,-1.611,7,S,4U9H
30.657,-39.436,32.434,-13.768,-10.481,30,S,4U9H
26.060,-33.648,27.941,-11.287,-8.374,67,S,4U9H
1.033,6.540,-11.174,11.899,-8.312,79,S,4U9H
-26.290,39.705,-37.067,21.025,2.978,103,S,4U9H
37.623,-37.800,23.153,0.806,-24.063,125,S,4U9H
19.977,-31.678,30.143,-17.522,-0.938,127,S,4U9H
33.978,-36.480,24.590,-3.017,-19.646,151,S,4U9H
-16.607,34.978,-39.501,30.088,-8.472,152,S,4U9H
25.398,-36.823,33.239,-17.847,-4.519,154,S,4U9H
33.252,-37.489,26.307,-5.188,-17.646,171,S,4U9H
-27.328,38.202,-33.580,17.351,6.136,179,S,4U9H
-10.070,18.675,-19.380,13.130,-2.100,192,S,4U9H
-19.293,28.045,-25.124,12.723,4.051,195,S,4U9H
31.372,-39.038,30.602,-10.906,-12.598,204,S,4U9H
-30.584,40.502,-34.012,15.247,9.514,225,S,4U9H
-21.092,36.293,-37.166,24.782,-1.996,232,S,4U9H
-37.680,42.010,-29.757,6.241,19.843,242,S,4U9H
17.793,-32.870,34.291,-24.069,4.350,248,S,4U9H
-22.125,32.260,-29.472,15.786,3.440,255,S,4U9H
-20.678,32.173,-29.975,16.469,2.482,263,S,4U9H
30.684,-40.912,35.028,-15.935,-9.186,45,A,4UYR
-27.012,35.104,-29.032,12.075,9.182,104,A,4UYR
30.288,-36.370,27.238,-8.449,-13.594,123,A,4UYR
31.403,-35.923,26.178,-6.589,-15.361,146,A,4UYR
18.903,-27.296,24.007,-12.331,-3.952,193,A,4UYR
30.684,-40.912,35.028,-15.935,-9.186,45,A,4UYR
25.706,-35.979,30.375,-13.235,-8.053,104,A,4UYR
30.288,-36.370,27.238,-8.449,-13.594,123,A,4UYR
31.403,-35.923,26.178,-6.589,-15.361,146,A,4UYR
18.903,-27.296,24.007,-12.331,-3.952,193,A,4UYR
30.684,-40.912,35.028,-15.935,-9.186,45,A,4UYR
None,None,None,None,None,104,A,4UYR
30.288,-36.370,27.238,-8.449,-13.594,123,A,4UYR
31.403,-35.923,26.178,-6.589,-15.361,146,A,4UYR
18.903,-27.296,24.007,-12.331,-3.952,193,A,4UYR
-13.436,19.852,-18.362,10.051,1.601,160,A,4Y9V
34.364,-42.461,33.865,-12.910,-13.698,266,A,4Y9V
31.074,-39.221,31.422,-12.704,-11.720,310,A,4Y9V
31.971,-38.014,28.373,-8.321,-14.797,327,A,4Y9V
-30.358,35.141,-25.209,5.709,15.182,330,A,4Y9V
-27.920,37.990,-32.709,15.989,7.394,374,A,4Y9V
-27.147,39.117,-35.120,18.936,4.947,416,A,4Y9V
24.840,-34.158,30.152,-14.966,-6.090,483,A,4Y9V
-19.589,35.899,-38.765,27.374,-4.874,500,A,4Y9V
-22.166,37.098,-36.657,24.299,-1.514,587,A,4Y9V
35.424,-38.072,25.605,-3.603,-19.966,605,A,4Y9V
28.551,-35.628,27.507,-9.521,-11.385,610,A,4Y9V
31.571,-39.535,31.794,-12.484,-12.109,656,A,4Y9V
-6.153,8.101,-6.170,1.889,2.696,684,A,4Y9V
33.735,-36.790,24.475,-3.095,-18.869,688,A,4Y9V
32.194,-35.169,24.187,-3.863,-17.888,690,A,4Y9V
-17.459,27.538,-25.173,13.772,1.994,702,A,4Y9V
-30.223,42.361,-37.593,19.138,6.751,713,A,4Y9V
-13.436,19.852,-18.362,10.051,1.601,160,A,4Y9V
34.364,-42.461,33.865,-12.910,-13.698,266,A,4Y9V
31.074,-39.221,31.422,-12.704,-11.720,310,A,4Y9V
31.971,-38.014,28.373,-8.321,-14.797,327,A,4Y9V
-30.358,35.141,-25.209,5.709,15.182,330,A,4Y9V
-27.920,37.990,-32.709,15.989,7.394,374,A,4Y9V
-27.147,39.117,-35.120,18.936,4.947,416,A,4Y9V
24.840,-34.158,30.152,-14.966,-6.090,483,A,4Y9V
-19.589,35.899,-38.765,27.374,-4.874,500,A,4Y9V
-22.166,37.098,-36.657,24.299,-1.514,587,A,4Y9V
35.424,-38.072,25.605,-3.603,-19.966,605,A,4Y9V
28.551,-35.628,27.507,-9.521,-11.385,610,A,4Y9V
31.571,-39.535,31.794,-12.484,-12.109,656,A,4Y9V
-6.153,8.101,-6.170,1.889,2.696,684,A,4Y9V
33.735,-36.790,24.475,-3.095,-18.869,688,A,4Y9V
32.194,-35.169,24.187,-3.863,-17.888,690,A,4Y9V
-17.459,27.538,-25.173,13.772,1.994,702,A,4Y9V
-30.223,42.361,-37.593,19.138,6.751,713,A,4Y9V
-13.436,19.852,-18.362,10.051,1.601,160,A,4Y9V
34.364,-42.461,33.865,-12.910,-13.698,266,A,4Y9V
31.074,-39.221,31.422,-12.704,-11.720,310,A,4Y9V
31.971,-38.014,28.373,-8.321,-14.797,327,A,4Y9V
-30.358,35.141,-25.209,5.709,15.182,330,A,4Y9V
-27.920,37.990,-32.709,15.989,7.394,374,A,4Y9V
-27.147,39.117,-35.120,18.936,4.947,416,A,4Y9V
24.840,-34.158,30.152,-14.966,-6.090,483,A,4Y9V
-19.589,35.899,-38.765,27.374,-4.874,500,A,4Y9V
-22.166,37.098,-36.657,24.299,-1.514,587,A,4Y9V
35.424,-38.072,25.605,-3.603,-19.966,605,A,4Y9V
28.551,-35.628,27.507,-9.521,-11.385,610,A,4Y9V
31.571,-39.535,31.794,-12.484,-12.109,656,A,4Y9V
-6.153,8.101,-6.170,1.889,2.696,684,A,4Y9V
33.735,-36.790,24.475,-3.095,-18.869,688,A,4Y9V
32.194,-35.169,24.187,-3.863,-17.888,690,A,4Y9V
-17.459,27.538,-25.173,13.772,1.994,702,A,4Y9V
-30.223,42.361,-37.593,19.138,6.751,713,A,4Y9V
-22.971,37.482,-36.578,24.282,-1.194,3,A,4Y9W
-24.190,37.975,-37.193,22.079,1.548,6,A,4Y9W
32.695,-43.382,36.978,-16.196,-10.370,12,A,4Y9W
-31.618,41.018,-34.584,15.304,9.882,60,A,4Y9W
-34.287,48.308,-42.847,22.273,7.365,129,A,4Y9W
25.126,-31.442,24.511,-8.721,-11.037,130,A,4Y9W
-26.822,36.958,-32.113,15.346,7.117,135,A,4Y9W
-14.178,23.467,-22.759,13.849,0.334,156,A,4Y9W
31.845,-36.991,26.906,-5.902,-16.218,181,A,4Y9W
-26.211,37.125,-33.442,17.875,5.002,220,A,4Y9W
-18.609,27.031,-25.077,14.575,1.895,237,A,4Y9W
None,None,None,None,None,253,A,4Y9W
30.510,-38.120,30.947,-12.501,-10.796,270,A,4Y9W
16.799,-23.356,19.503,-8.020,-5.033,296,A,4Y9W
-29.518,38.977,-32.484,14.102,9.895,297,A,4Y9W
-22.971,37.482,-36.578,24.282,-1.194,3,A,4Y9W
25.029,-32.136,26.421,-10.536,-9.187,6,A,4Y9W
-30.360,38.165,-32.774,13.240,10.169,12,A,4Y9W
19.808,-29.842,26.455,-14.713,-2.872,60,A,4Y9W
29.888,-38.250,29.647,-9.258,-13.200,129,A,4Y9W
-22.591,31.162,-26.778,13.179,5.855,130,A,4Y9W
-26.822,36.958,-32.113,15.346,7.117,135,A,4Y9W
-14.178,23.467,-22.759,13.849,0.334,156,A,4Y9W
31.845,-36.991,26.906,-5.902,-16.218,181,A,4Y9W
-26.211,37.125,-33.442,17.875,5.002,220,A,4Y9W
-18.609,27.031,-25.077,14.575,1.895,237,A,4Y9W
None,None,None,None,None,253,A,4Y9W
-29.403,44.345,-40.820,21.229,4.810,270,A,4Y9W
16.799,-23.356,19.503,-8.020,-5.033,296,A,4Y9W
-29.518,38.977,-32.484,14.102,9.895,297,A,4Y9W
31.759,-36.792,27.078,-7.126,-15.269,395,A,5GJI
25.949,-37.331,33.169,-16.865,-5.479,418,A,5GJI
27.215,-36.111,30.337,-13.308,-8.499,427,A,5GJI
27.859,-31.679,22.311,-4.389,-14.393,196,B,5GJI
31.759,-36.792,27.078,-7.126,-15.269,395,A,5GJI
-26.699,35.206,-29.123,12.139,8.938,418,A,5GJI
27.215,-36.111,30.337,-13.308,-8.499,427,A,5GJI
27.859,-31.679,22.311,-4.389,-14.393,196,B,5GJI
-32.330,42.268,-34.605,13.478,12.108,8,A,5I5B
-32.330,42.268,-34.605,13.478,12.108,8,A,5I5B
27.843,-39.565,34.489,-17.161,-7.144,13,A,5KWM
-30.340,38.500,-30.875,11.966,11.691,21,A,5KWM
-30.028,40.727,-34.950,16.401,8.779,34,A,5KWM
-29.456,36.291,-28.147,9.174,12.280,49,A,5KWM
20.142,-31.839,30.380,-18.295,-0.561,78,A,5KWM
-28.565,37.328,-30.644,12.936,10.195,97,A,5KWM
28.753,-33.404,24.915,-6.220,-13.688,102,A,5KWM
-28.041,35.028,-28.104,10.319,10.654,115,A,5KWM
31.106,-31.992,20.150,0.165,-19.399,143,A,5KWM
28.680,-35.543,28.291,-10.180,-11.437,159,A,5KWM
-29.322,36.892,-29.424,10.761,11.236,168,A,5KWM
30.744,-39.098,31.487,-12.031,-11.333,182,A,5KWM
-20.502,32.125,-30.633,18.317,1.210,202,A,5KWM
23.155,-34.376,31.333,-17.372,-3.713,205,A,5KWM
-26.033,38.788,-35.928,20.284,3.565,13,A,5KWM
21.346,-34.409,33.164,-19.932,-0.783,21,A,5KWM
-30.028,40.727,-34.950,16.401,8.779,34,A,5KWM
-29.456,36.291,-28.147,9.174,12.280,49,A,5KWM
20.142,-31.839,30.380,-18.295,-0.561,78,A,5KWM
28.954,-34.122,25.212,-6.426,-13.991,97,A,5KWM
-10.567,24.081,-27.308,21.281,-6.529,102,A,5KWM
-28.041,35.028,-28.104,10.319,10.654,115,A,5KWM
-7.754,22.547,-27.806,24.228,-10.123,143,A,5KWM
28.680,-35.543,28.291,-10.180,-11.437,159,A,5KWM
-29.322,36.892,-29.424,10.761,11.236,168,A,5KWM
30.744,-39.098,31.487,-12.031,-11.333,182,A,5KWM
-20.502,32.125,-30.633,18.317,1.210,202,A,5KWM
23.155,-34.376,31.333,-17.372,-3.713,205,A,5KWM
-30.028,40.727,-34.950,16.401,8.779,34,A,5KWM
-29.456,36.291,-28.147,9.174,12.280,49,A,5KWM
20.142,-31.839,30.380,-18.295,-0.561,78,A,5KWM
-28.041,35.028,-28.104,10.319,10.654,115,A,5KWM
28.680,-35.543,28.291,-10.180,-11.437,159,A,5KWM
-29.322,36.892,-29.424,10.761,11.236,168,A,5KWM
30.744,-39.098,31.487,-12.031,-11.333,182,A,5KWM
-20.502,32.125,-30.633,18.317,1.210,202,A,5KWM
23.155,-34.376,31.333,-17.372,-3.713,205,A,5KWM
37.027,-32.978,15.514,9.066,-29.213,135,A,5LP9
23.671,-31.434,25.810,-10.249,-8.195,148,A,5LP9
30.307,-27.116,12.818,7.318,-23.647,135,A,5LP9
23.671,-31.434,25.810,-10.249,-8.195,148,A,5LP9
-27.239,39.888,-35.928,17.549,5.238,471,A,5O99
18.965,-27.989,24.784,-12.186,-4.262,483,A,5O99
29.387,-32.925,23.665,-4.214,-14.757,490,A,5O99
-16.402,32.376,-34.142,24.460,-4.229,520,A,5O99
-30.266,32.687,-21.548,1.665,17.630,471,B,5O99
14.009,-24.808,24.800,-15.667,1.359,483,B,5O99
23.818,-25.529,16.772,-0.807,-14.143,490,B,5O99
-21.588,37.368,-37.503,24.504,-1.457,520,B,5O99
-27.239,39.888,-35.928,17.549,5.238,471,A,5O99
18.965,-27.989,24.784,-12.186,-4.262,483,A,5O99
29.387,-32.925,23.665,-4.214,-14.757,490,A,5O99
-16.402,32.376,-34.142,24.460,-4.229,520,A,5O99
-30.266,32.687,-21.548,1.665,17.630,471,B,5O99
-22.820,32.768,-29.144,14.760,4.802,483,B,5O99
-15.842,29.821,-31.325,21.976,-3.942,490,B,5O99
-21.588,37.368,-37.503,24.504,-1.457,520,B,5O99
8.176,7.877,-20.433,27.215,-22.235,37,A,6E6O
33.723,-33.876,21.129,1.531,-22.165,38,A,6E6O
8.176,7.877,-20.433,27.215,-22.235,37,A,6E6O
33.723,-33.876,21.129,1.531,-22.165,38,A,6E6O
31.434,-35.046,25.075,-4.848,-16.285,41,A,6EIO
-21.092,33.685,-32.447,19.693,0.803,49,A,6EIO
33.311,-37.786,26.423,-4.832,-17.984,82,A,6EIO
30.587,-37.203,28.549,-9.073,-13.423,90,A,6EIO
29.878,-38.826,31.883,-13.040,-10.311,91,A,6EIO
-28.636,40.086,-35.310,17.883,6.756,141,A,6EIO
-27.981,38.883,-34.260,17.249,6.587,165,A,6EIO
-33.157,41.436,-33.203,12.811,12.482,181,A,6EIO
-28.808,36.945,-30.751,13.008,9.505,251,A,6EIO
31.434,-35.046,25.075,-4.848,-16.285,41,A,6EIO
-21.092,33.685,-32.447,19.693,0.803,49,A,6EIO
33.311,-37.786,26.423,-4.832,-17.984,82,A,6EIO
30.587,-37.203,28.549,-9.073,-13.423,90,A,6EIO
29.878,-38.826,31.883,-13.040,-10.311,91,A,6EIO
-28.636,40.086,-35.310,17.883,6.756,141,A,6EIO
-27.981,38.883,-34.260,17.249,6.587,165,A,6EIO
-33.157,41.436,-33.203,12.811,12.482,181,A,6EIO
-28.808,36.945,-30.751,13.008,9.505,251,A,6EIO
31.434,-35.046,25.075,-4.848,-16.285,41,A,6EIO
-21.092,33.685,-32.447,19.693,0.803,49,A,6EIO
33.311,-37.786,26.423,-4.832,-17.984,82,A,6EIO
30.587,-37.203,28.549,-9.073,-13.423,90,A,6EIO
29.878,-38.826,31.883,-13.040,-10.311,91,A,6EIO
-28.636,40.086,-35.310,17.883,6.756,141,A,6EIO
-27.981,38.883,-34.260,17.249,6.587,165,A,6EIO
-33.157,41.436,-33.203,12.811,12.482,181,A,6EIO
-28.808,36.945,-30.751,13.008,9.505,251,A,6EIO
28.816,-40.954,36.857,-19.567,-5.809,311,A,6FMC
28.259,-36.443,29.130,-11.414,-9.959,317,A,6FMC
-24.996,35.533,-31.062,15.966,5.109,378,A,6FMC
34.489,-39.208,28.278,-6.388,-17.450,387,A,6FMC
15.927,-25.405,24.240,-14.252,-0.775,396,A,6FMC
26.938,-38.605,32.518,-15.983,-6.331,398,A,6FMC
-28.549,39.671,-34.558,16.786,7.244,408,A,6FMC
28.816,-40.954,36.857,-19.567,-5.809,311,A,6FMC
28.259,-36.443,29.130,-11.414,-9.959,317,A,6FMC
-24.996,35.533,-31.062,15.966,5.109,378,A,6FMC
34.489,-39.208,28.278,-6.388,-17.450,387,A,6FMC
15.927,-25.405,24.240,-14.252,-0.775,396,A,6FMC
-24.684,36.885,-37.277,21.431,1.555,398,A,6FMC
-28.549,39.671,-34.558,16.786,7.244,408,A,6FMC
28.816,-40.954,36.857,-19.567,-5.809,311,A,6FMC
28.259,-36.443,29.130,-11.414,-9.959,317,A,6FMC
-24.996,35.533,-31.062,15.966,5.109,378,A,6FMC
34.489,-39.208,28.278,-6.388,-17.450,387,A,6FMC
15.927,-25.405,24.240,-14.252,-0.775,396,A,6FMC
None,None,None,None,None,398,A,6FMC
-28.549,39.671,-34.558,16.786,7.244,408,A,6FMC
-20.468,36.903,-37.788,25.364,-3.104,13,A,6JGJ
34.312,-40.986,31.693,-10.545,-14.696,54,A,6JGJ
-25.247,39.989,-38.103,22.530,0.791,56,A,6JGJ
-29.235,40.341,-35.757,18.642,6.361,58,A,6JGJ
-29.581,39.788,-32.487,14.558,9.403,75,A,6JGJ
32.351,-38.925,28.983,-8.087,-15.019,89,A,6JGJ
26.262,-34.278,28.432,-11.753,-8.988,187,A,6JGJ
26.130,-35.152,29.219,-12.435,-7.771,192,A,6JGJ
31.507,-39.242,30.967,-11.910,-11.703,196,A,6JGJ
25.300,-37.742,35.225,-21.328,-2.653,211,A,6JGJ
26.598,-31.909,23.278,-6.782,-12.375,13,A,6JGJ
34.312,-40.986,31.693,-10.545,-14.696,54,A,6JGJ
-25.247,39.989,-38.103,22.530,0.791,56,A,6JGJ
-29.235,40.341,-35.757,18.642,6.361,58,A,6JGJ
-29.581,39.788,-32.487,14.558,9.403,75,A,6JGJ
32.351,-38.925,28.983,-8.087,-15.019,89,A,6JGJ
26.262,-34.278,28.432,-11.753,-8.988,187,A,6JGJ
26.130,-35.152,29.219,-12.435,-7.771,192,A,6JGJ
31.507,-39.242,30.967,-11.910,-11.703,196,A,6JGJ
25.300,-37.742,35.225,-21.328,-2.653,211,A,6JGJ
34.312,-40.986,31.693,-10.545,-14.696,54,A,6JGJ
-25.247,39.989,-38.103,22.530,0.791,56,A,6JGJ
-29.235,40.341,-35.757,18.642,6.361,58,A,6JGJ
-29.581,39.788,-32.487,14.558,9.403,75,A,6JGJ
32.351,-38.925,28.983,-8.087,-15.019,89,A,6JGJ
26.262,-34.278,28.432,-11.753,-8.988,187,A,6JGJ
26.130,-35.152,29.219,-12.435,-7.771,192,A,6JGJ
31.507,-39.242,30.967,-11.910,-11.703,196,A,6JGJ
25.300,-37.742,35.225,-21.328,-2.653,211,A,6JGJ
-26.480,38.821,-35.860,19.990,4.093,57,A,6KFN
25.994,-35.520,30.781,-14.540,-7.359,84,A,6KFN
-26.803,36.535,-31.035,14.138,8.096,95,A,6KFN
37.411,-38.987,25.087,-1.671,-22.441,211,A,6KFN
-30.551,40.101,-32.626,13.656,10.547,302,A,6KFN
34.715,-40.817,30.194,-8.770,-16.076,322,A,6KFN
-26.480,38.821,-35.860,19.990,4.093,57,A,6KFN
25.994,-35.520,30.781,-14.540,-7.359,84,A,6KFN
-26.803,36.535,-31.035,14.138,8.096,95,A,6KFN
37.411,-38.987,25.087,-1.671,-22.441,211,A,6KFN
-30.551,40.101,-32.626,13.656,10.547,302,A,6KFN
34.715,-40.817,30.194,-8.770,-16.076,322,A,6KFN
-26.480,38.821,-35.860,19.990,4.093,57,A,6KFN
25.994,-35.520,30.781,-14.540,-7.359,84,A,6KFN
-26.803,36.535,-31.035,14.138,8.096,95,A,6KFN
37.411,-38.987,25.087,-1.671,-22.441,211,A,6KFN
-30.551,40.101,-32.626,13.656,10.547,302,A,6KFN
34.715,-40.817,30.194,-8.770,-16.076,322,A,6KFN
-22.137,35.621,-34.916,21.783,-0.007,38,A,6S2M
27.938,-34.250,26.407,-9.124,-12.402,38,A,6S2M